{
  "$schema": "https://schema.management.azure.com/schemas/0.1.2-preview/CreateUIDefinition.MultiVm.json#",
  "handler": "Microsoft.Azure.CreateUIDef",
  "version": "0.1.2-preview",
  "parameters": {
    "config": {
      "isWizard": false,
      "basics": {
        "description": "<img src=\"https://raw.githubusercontent.com/Azure/Azure-Sentinel/1244e708c8323f7864266906dad80cb0a4354e9d/Logos/Azure_Sentinel.svg\" width=\"75px\" height=\"75px\">\n\n**Note:** _There may be [known issues](https://aka.ms/sentinelsolutionsknownissues) pertaining to this Solution, please refer to them before installing._\n\nThe AWS CloudTrail solution for Microsoft Sentinel enables you to ingest event logs from the AWS CloudTrail platform, providing visibility into user, role, or service-based actions within your AWS environment. \r \n \r \n  **Underlying Microsoft Technologies used:** \r \n \r \n This solution takes a dependency on the following technologies, and some of these dependencies either may be in [Preview](https://azure.microsoft.com/support/legal/preview-supplemental-terms/) state or might result in additional ingestion or operational costs: \r\n\n a. [Azure Monitor HTTP Data Collector API](https://docs.microsoft.com/en-us/azure/azure-monitor/logs/data-collector-api)\n\n**Data Connectors:** 2, **Workbooks:** 2, **Analytic Rules:** 10, **Hunting Queries:** 5\n\n[Learn more about Microsoft Sentinel](https://aka.ms/azuresentinel) | [Learn more about Solutions](https://aka.ms/azuresentinelsolutionsdoc)",
        "subscription": {
          "resourceProviders": [
            "Microsoft.OperationsManagement/solutions",
            "Microsoft.OperationalInsights/workspaces/providers/alertRules",
            "Microsoft.Insights/workbooks",
            "Microsoft.Logic/workflows"
          ]
        },
        "location": {
          "metadata": {
            "hidden": "Hiding location, we get it from the log analytics workspace"
          },
          "visible": false
        },
        "resourceGroup": {
          "allowExisting": true
        }
      }
    },
    "basics": [
      {
        "name": "getLAWorkspace",
        "type": "Microsoft.Solutions.ArmApiControl",
        "toolTip": "This filters by workspaces that exist in the Resource Group selected",
        "condition": "[greater(length(resourceGroup().name),0)]",
        "request": {
          "method": "GET",
          "path": "[concat(subscription().id,'/providers/Microsoft.OperationalInsights/workspaces?api-version=2020-08-01')]"
        }
      },
      {
        "name": "workspace",
        "type": "Microsoft.Common.DropDown",
        "label": "Workspace",
        "placeholder": "Select a workspace",
        "toolTip": "This dropdown will list only workspace that exists in the Resource Group selected",
        "constraints": {
          "allowedValues": "[map(filter(basics('getLAWorkspace').value, (filter) => contains(toLower(filter.id), toLower(resourceGroup().name))), (item) => parse(concat('{\"label\":\"', item.name, '\",\"value\":\"', item.name, '\"}')))]",
          "required": true
        },
        "visible": true
      }
    ],
    "steps": [
      {
        "name": "dataconnectors",
        "label": "Data Connectors",
        "bladeTitle": "Data Connectors",
        "elements": [
          {
            "name": "dataconnectors1-text",
            "type": "Microsoft.Common.TextBlock",
            "options": {
              "text": "This solution installs the data connector that This connector allows you to ingest AWS service logs, collected in AWS S3 buckets, to Microsoft Sentinel. The currently supported data types are: "
            }
          },
          {
            "name": "dataconnectors2-text",
            "type": "Microsoft.Common.TextBlock",
            "options": {
              "text": "a. AWS CloudTrail"
            }
          },
		     {
            "name": "dataconnectors3-text",
            "type": "Microsoft.Common.TextBlock",
            "options": {
              "text": "b. VPC Flow Logs"
            }
          },
		     {
            "name": "dataconnectors4-text",
            "type": "Microsoft.Common.TextBlock",
            "options": {
              "text": "c. AWS GuardDuty"
            }
          },
          {
            "name": "dataconnectors-link2",
            "type": "Microsoft.Common.TextBlock",
            "options": {
              "link": {
                "label": "Learn more about connecting data sources",
                "uri": "https://docs.microsoft.com/azure/sentinel/connect-data-sources"
              }
            }
          }
        ]
      },
      {
        "name": "workbooks",
        "label": "Workbooks",
        "subLabel": {
          "preValidation": "Configure the workbooks",
          "postValidation": "Done"
        },
        "bladeTitle": "Workbooks",
        "elements": [
          {
            "name": "workbooks-text",
            "type": "Microsoft.Common.TextBlock",
            "options": {
              "text": "This solution installs workbook(s) to help you gain insights into the telemetry collected in Microsoft Sentinel. After installing the solution, start using the workbook in Manage solution view."
            }
          },
          {
            "name": "workbooks-link",
            "type": "Microsoft.Common.TextBlock",
            "options": {
              "link": {
                "label": "Learn more",
                "uri": "https://docs.microsoft.com/azure/sentinel/tutorial-monitor-your-data"
              }
            }
          }
        ]
      },
      {
        "name": "analytics",
        "label": "Analytics",
        "subLabel": {
          "preValidation": "Configure the analytics",
          "postValidation": "Done"
        },
        "bladeTitle": "Analytics",
        "elements": [
          {
            "name": "analytics-text",
            "type": "Microsoft.Common.TextBlock",
            "options": {
              "text": "This solution installs the following analytic rule templates. After installing the solution, create and enable analytic rules in Manage solution view."
            }
          },
          {
            "name": "analytics-link",
            "type": "Microsoft.Common.TextBlock",
            "options": {
              "link": {
                "label": "Learn more",
                "uri": "https://docs.microsoft.com/azure/sentinel/tutorial-detect-threats-custom?WT.mc_id=Portal-Microsoft_Azure_CreateUIDef"
              }
            }
          },
          {
            "name": "analytic1",
            "type": "Microsoft.Common.Section",
            "label": "Changes to internet facing AWS RDS Database instances",
            "elements": [
              {
                "name": "analytic1-text",
                "type": "Microsoft.Common.TextBlock",
                "options": {
                  "text": "Amazon Relational Database Service (RDS) is scalable relational database in the cloud. \nIf your organization have one or more AWS RDS Databases running, monitoring changes to especially internet facing AWS RDS (Relational Database Service) \nOnce alerts triggered, validate if changes observed are authorized and adhere to change control policy. \nMore information: https://medium.com/@GorillaStack/the-most-important-aws-cloudtrail-security-events-to-track-a5b9873f8255\nand RDS API Reference Docs: https://docs.aws.amazon.com/AmazonRDS/latest/APIReference/API_Operations.html"
                }
              }
            ]
          },
          {
            "name": "analytic2",
            "type": "Microsoft.Common.Section",
            "label": "Changes to Amazon VPC settings",
            "elements": [
              {
                "name": "analytic2-text",
                "type": "Microsoft.Common.TextBlock",
                "options": {
                  "text": "Amazon Virtual Private Cloud (Amazon VPC) lets you provision a logically isolated section of the AWS Cloud where you can launch AWS resources\nin a virtual network that you define.\nThis identifies changes to Amazon VPC (Virtual Private Cloud) settings such as new ACL entries,routes, routetable or Gateways.\nMore information: https://medium.com/@GorillaStack/the-most-important-aws-cloudtrail-security-events-to-track-a5b9873f8255 \nand AWS VPC API Docs: https://docs.aws.amazon.com/AWSEC2/latest/APIReference/OperationList-query-vpc.html"
                }
              }
            ]
          },
          {
            "name": "analytic3",
            "type": "Microsoft.Common.Section",
            "label": "Changes made to AWS CloudTrail logs",
            "elements": [
              {
                "name": "analytic3-text",
                "type": "Microsoft.Common.TextBlock",
                "options": {
                  "text": "Attackers often try to hide their steps by deleting or stopping the collection of logs that could show their activity. \nThis alert identifies any manipulation of AWS CloudTrail, Cloudwatch/EventBridge or VPC Flow logs.\nMore Information: AWS CloudTrail API: https://docs.aws.amazon.com/awscloudtrail/latest/APIReference/API_Operations.html\nAWS Cloudwatch/Eventbridge API: https://docs.aws.amazon.com/eventbridge/latest/APIReference/API_Operations.html\nAWS DelteteFlowLogs API : https://docs.aws.amazon.com/AWSEC2/latest/APIReference/API_DeleteFlowLogs.html "
                }
              }
            ]
          },
          {
            "name": "analytic4",
            "type": "Microsoft.Common.Section",
            "label": "Login to AWS Management Console without MFA",
            "elements": [
              {
                "name": "analytic4-text",
                "type": "Microsoft.Common.TextBlock",
                "options": {
                  "text": "Multi-Factor Authentication (MFA) helps you to prevent credential compromise. This alert identifies logins to the AWS Management Console without MFA.\nYou can limit this detection to trigger for adminsitrative accounts if you do not have MFA enabled on all accounts.\nThis is done by looking at the eventName ConsoleLogin and if the AdditionalEventData field indicates MFA was NOT used \nand the ResponseElements field indicates NOT a Failure. Thereby indicating that a non-MFA login was successful."
                }
              }
            ]
          },
          {
            "name": "analytic5",
            "type": "Microsoft.Common.Section",
            "label": "Monitor AWS Credential abuse or hijacking",
            "elements": [
              {
                "name": "analytic5-text",
                "type": "Microsoft.Common.TextBlock",
                "options": {
                  "text": "Looking for GetCallerIdentity Events where the UserID Type is AssumedRole \nAn attacker who has assumed the role of a legitimate account can call the GetCallerIdentity function to determine what account they are using.\nA legitimate user using legitimate credentials would not need to call GetCallerIdentity since they should already know what account they are using.\nMore Information: https://duo.com/decipher/trailblazer-hunts-compromised-credentials-in-aws\nAWS STS GetCallerIdentity API: https://docs.aws.amazon.com/STS/latest/APIReference/API_GetCallerIdentity.html "
                }
              }
            ]
          },
          {
            "name": "analytic6",
            "type": "Microsoft.Common.Section",
            "label": "Full Admin policy created and then attached to Roles, Users or Groups",
            "elements": [
              {
                "name": "analytic6-text",
                "type": "Microsoft.Common.TextBlock",
                "options": {
                  "text": "Identity and Access Management (IAM) securely manages access to AWS services and resources. \nIdentifies when a policy is created with Full Administrators Access (Allow-Action:*,Resource:*). \nThis policy can be attached to role,user or group and may be used by an adversary to escalate a normal user privileges to an adminsitrative level.\nAWS IAM Policy Grammar: https://docs.aws.amazon.com/IAM/latest/UserGuide/reference_policies_grammar.html\nand AWS IAM API at https://docs.aws.amazon.com/IAM/latest/APIReference/API_Operations.html"
                }
              }
            ]
          },
          {
            "name": "analytic7",
            "type": "Microsoft.Common.Section",
            "label": "Changes to AWS Security Group ingress and egress settings",
            "elements": [
              {
                "name": "analytic7-text",
                "type": "Microsoft.Common.TextBlock",
                "options": {
                  "text": "A Security Group acts as a virtual firewall of an instance to control inbound and outbound traffic. \n Hence, ingress and egress settings changes to AWS Security Group should be monitored as these can expose the enviornment to new attack vectors.\nMore information: https://medium.com/@GorillaStack/the-most-important-aws-cloudtrail-security-events-to-track-a5b9873f8255."
                }
              }
            ]
          },
          {
            "name": "analytic8",
            "type": "Microsoft.Common.Section",
            "label": "Changes to AWS Elastic Load Balancer security groups",
            "elements": [
              {
                "name": "analytic8-text",
                "type": "Microsoft.Common.TextBlock",
                "options": {
                  "text": "Elastic Load Balancer distributes incoming traffic across multiple instances in multiple availability Zones. This increases the fault tolerance of your applications. \n Unwanted changes to Elastic Load Balancer specific security groups could open your environment to attack and  hence needs monitoring.\n More information: https://medium.com/@GorillaStack/the-most-important-aws-cloudtrail-security-events-to-track-a5b9873f8255 \n and https://aws.amazon.com/elasticloadbalancing/."
                }
              }
            ]
          },
          {
            "name": "analytic9",
            "type": "Microsoft.Common.Section",
            "label": "NRT Login to AWS Management Console without MFA",
            "elements": [
              {
                "name": "analytic9-text",
                "type": "Microsoft.Common.TextBlock",
                "options": {
                  "text": "Multi-Factor Authentication (MFA) helps you to prevent credential compromise. This alert identifies logins to the AWS Management Console without MFA.\nYou can limit this detection to trigger for administrative accounts if you do not have MFA enabled on all accounts.\nThis is done by looking at the eventName ConsoleLogin and if the AdditionalEventData field indicates MFA was NOT used\nand the ResponseElements field indicates NOT a Failure. Thereby indicating that a non-MFA login was successful."
                }
              }
            ]
          },
          {
            "name": "analytic10",
            "type": "Microsoft.Common.Section",
            "label": "AWS Guard Duty Alert",
            "elements": [
              {
                "name": "analytic10-text",
                "type": "Microsoft.Common.TextBlock",
                "options": {
                  "text": "Amazon GuardDuty is a threat detection service that continuously monitors your AWS accounts and workloads for malicious activity and delivers detailed security findings for visibility and remediation. This templates create an alert for each Amazon GuardDuty finding."
                }
              }
            ]
          }
        ]
      },
      {
        "name": "huntingqueries",
        "label": "Hunting Queries",
        "bladeTitle": "Hunting Queries",
        "elements": [
          {
            "name": "huntingqueries-text",
            "type": "Microsoft.Common.TextBlock",
            "options": {
              "text": "This solution installs the following hunting queries. After installing the solution, run these hunting queries to hunt for threats in Manage solution view. "
            }
          },
          {
            "name": "huntingqueries-link",
            "type": "Microsoft.Common.TextBlock",
            "options": {
              "link": {
                "label": "Learn more",
                "uri": "https://docs.microsoft.com/azure/sentinel/hunting"
              }
            }
          },
          {
            "name": "huntingquery1",
            "type": "Microsoft.Common.Section",
            "label": "Changes made to AWS IAM policy",
            "elements": [
              {
                "name": "huntingquery1-text",
                "type": "Microsoft.Common.TextBlock",
                "options": {
                  "text": "dentity and Access Management (IAM) securely manages access to AWS services and resources. \nThis query looks for when an API call is made to change an IAM, particularly those related to new policies being \nattached to users and roles, as well as changes to access methods and changes to account level policies. \nIf these turn out to be noisy filter out the most common for your environment.  It depends on the AWS AWSS3 data connector and AWSCloudTrail AWSCloudTrail data type and AWS AWSS3 parser."
                }
              }
            ]
          },
          {
            "name": "huntingquery2",
            "type": "Microsoft.Common.Section",
            "label": "IAM Privilege Escalation by Instance Profile attachment",
            "elements": [
              {
                "name": "huntingquery2-text",
                "type": "Microsoft.Common.TextBlock",
                "options": {
                  "text": "An instance profile is a container for an IAM role that you can use to pass role information to an EC2 instance when the instance start.\nIdentifies when existing role is removed and new/existing high privileged role is added to instance profile. \nAny instance with this instance profile attached is able to perform privileged operations.\nAWS Instance Profile: https://docs.aws.amazon.com/IAM/latest/UserGuide/id_roles_use_switch-role-ec2_instance-profiles.html\nand CloudGoat - IAM PrivilegeEscalation by Attachment: https://github.com/RhinoSecurityLabs/cloudgoat/tree/master/scenarios/iam_privesc_by_attachment It depends on the AWS AWSS3 data connector and AWSCloudTrail AWSCloudTrail data type and AWS AWSS3 parser."
                }
              }
            ]
          },
          {
            "name": "huntingquery3",
            "type": "Microsoft.Common.Section",
            "label": "Privileged role attached to Instance",
            "elements": [
              {
                "name": "huntingquery3-text",
                "type": "Microsoft.Common.TextBlock",
                "options": {
                  "text": "Identity and Access Management (IAM) securely manages access to AWS services and resources. \nIdentifies when a Privileged role is attached to an existing instance or new instance at deployment. This instance may be used by an adversary to escalate a normal user privileges to an adminsitrative level.\nand AWS API AddRoleToInstanceProfile at https://docs.aws.amazon.com/IAM/latest/APIReference/API_AddRoleToInstanceProfile.html It depends on the AWS AWSS3 data connector and AWSCloudTrail AWSCloudTrail data type and AWS AWSS3 parser."
                }
              }
            ]
          },
          {
            "name": "huntingquery4",
            "type": "Microsoft.Common.Section",
            "label": "Suspicious credential token access of valid IAM Roles",
            "elements": [
              {
                "name": "huntingquery4-text",
                "type": "Microsoft.Common.TextBlock",
                "options": {
                  "text": "Adversaries may generate temporary credentials of existing privileged IAM roles to access AWS resources that were not previously accessible to perform malicious actions. The credentials may be generated by trusted IAM user or via AWS Cloud Instance Metadata API.\nThis query will look for AWS STS API Assume Role operations for RoleArn (Role Amazon Resource Names) which was not historically seen.\nYou can also limit the query to only sensitive IAM Roles which needs to be monitored.\nRead more about ingest custom logs using Logstash at https://github.com/Azure/Azure-Sentinel/wiki/Ingest-Custom-Logs-LogStash \nAWS API AssumeRole at https://docs.aws.amazon.com/STS/latest/APIReference/API_AssumeRole.html and AWS Instance Metadata API at https://docs.aws.amazon.com/AWSEC2/latest/UserGuide/ec2-instance-metadata.html  It depends on the AWS AWSS3 data connector and AWSCloudTrail AWSCloudTrail data type and AWS AWSS3 parser."
                }
              }
            ]
          },
          {
            "name": "huntingquery5",
            "type": "Microsoft.Common.Section",
            "label": "Unused or Unsupported Cloud Regions",
            "elements": [
              {
                "name": "huntingquery5-text",
                "type": "Microsoft.Common.TextBlock",
                "options": {
                  "text": "Adversaries may create cloud instances in unused geographic service regions in order to evade detection.\nAccess is usually obtained through compromising accounts used to manage cloud infrastructure.\nRefer: https://attack.mitre.org/techniques/T1535/ It depends on the AWS AWSS3 data connector and AWSCloudTrail AWSCloudTrail data type and AWS AWSS3 parser."
                }
              }
            ]
          }
        ]
      }
    ],
    "outputs": {
      "workspace-location": "[first(map(filter(basics('getLAWorkspace').value, (filter) => and(contains(toLower(filter.id), toLower(resourceGroup().name)),equals(filter.name,basics('workspace')))), (item) => item.location))]",
      "location": "[location()]",
      "workspace": "[basics('workspace')]"
    }
  }
}
