{
    "$schema": "https://schema.management.azure.com/schemas/2019-04-01/deploymentTemplate.json#",
    "contentVersion": "1.0.0.0",
    "parameters": {
         "workspaceName": {
            "defaultValue": "<enter a default Workspace Name>",
            "type": "string"
        },
        "functionName": {
            "defaultValue": "<enter a default Function Name>",
            "type": "string"
        },
        "workspaceID": {
            "type": "string",
            "defaultValue": "<workspaceID>"
        },
        "workspaceKey": {
            "type": "string",
            "defaultValue": "<workspaceKey>"
        },
        "regionCode": {
            "type": "string",
            "allowedValues": [
                "us",
                "eu",
                "jp",
                "sg",
                "au",
                "in",
                "uae"
            ],
            "defaultValue": "us"
        },
        "storagePrefix": {
            "type": "string",
            "defaultValue": "storage"
        },
        "apiTokens": {
            "type": "string",
            "defaultValue": "<Trend Micro Vision One API Key1>,<Trend Micro Vision One API Key2>"
        }
    },
    "variables": {
        "uniqueFunctionName": "[concat(toLower(parameters('functionName')), uniqueString(resourceGroup().id, parameters('workspaceName')))]",
        "uniqueStorageName": "[concat(toLower(parameters('storagePrefix')), uniqueString(resourceGroup().id, parameters('workspaceName')))]"
    },
    "resources": [
        {
            "apiVersion": "2020-08-01",
            "type": "Microsoft.OperationalInsights/workspaces",
            "name": "[parameters('workspaceName')]",
            "location": "[parameters('location')]",
            "properties": {
                "sku": {
                  "name": "pergb2018"
                },
                "retentionInDays": 180
            }
        },
        {
            "name": "[concat('SecurityInsights','(', parameters('workspaceName'),')')]",
            "type": "Microsoft.OperationsManagement/solutions",
            "apiVersion": "2015-11-01-preview",
            "location": "[resourceGroup().location]",
            "dependsOn": [
                "[resourceId('Microsoft.OperationalInsights/workspaces/', parameters('workspaceName'))]"
            ],
            "properties": {
                "workspaceResourceId": "[resourceId('Microsoft.OperationalInsights/workspaces', parameters('workspaceName'))]"
            },
            "plan": {
                "name": "[concat('SecurityInsights','(', parameters('workspaceName'),')')]",
                "product": "OMSGallery/SecurityInsights",
                "publisher": "Microsoft",
                "promotionCode": ""
            }
        },
        {
            "type": "Microsoft.Insights/components",
            "apiVersion": "2015-05-01",
            "name": "[variables('uniqueFunctionName')]",
            "location": "[resourceGroup().location]",
            "kind": "web",
            "dependsOn": [
                "[resourceId('Microsoft.OperationsManagement/solutions/', concat('SecurityInsights','(', parameters('workspaceName'),')'))]"
            ],
            "properties": {
                "Application_Type": "web",
                "ApplicationId": "[variables('uniqueFunctionName')]"
            }
        },
        {
            "type": "Microsoft.Storage/storageAccounts",
            "apiVersion": "2019-06-01",
            "name": "[tolower(variables('uniqueStorageName'))]",
            "location": "[resourceGroup().location]",
            "sku": {
                "name": "Standard_LRS",
                "tier": "Standard"
            },
            "kind": "StorageV2",
            "properties": {
                "networkAcls": {
                    "bypass": "AzureServices",
                    "virtualNetworkRules": [],
                    "ipRules": [],
                    "defaultAction": "Allow"
                },
                "supportsHttpsTrafficOnly": true,
                "encryption": {
                    "services": {
                        "file": {
                            "keyType": "Account",
                            "enabled": true
                        },
                        "blob": {
                            "keyType": "Account",
                            "enabled": true
                        }
                    },
                    "keySource": "Microsoft.Storage"
                }
            }
        },
        {
            "type": "Microsoft.Web/serverfarms",
            "apiVersion": "2018-02-01",
            "name": "[variables('uniqueFunctionName')]",
            "location": "[resourceGroup().location]",
            "kind": "linux",
            "sku": {
                "name": "Y1",
                "tier": "Dynamic"
            },
            "properties": {
                "name": "[variables('uniqueFunctionName')]",
                "workerSize": "0",
                "workerSizeId": "0",
                "numberOfWorkers": "1",
                "reserved": true
            }
        },
        {
            "type": "Microsoft.Storage/storageAccounts/blobServices",
            "apiVersion": "2019-06-01",
            "name": "[concat(variables('uniqueStorageName'), '/default')]",
            "dependsOn": [
                "[resourceId('Microsoft.Storage/storageAccounts', tolower(variables('uniqueStorageName')))]"
            ],
            "sku": {
                "name": "Standard_LRS",
                "tier": "Standard"
            },
            "properties": {
                "cors": {
                    "corsRules": []
                },
                "deleteRetentionPolicy": {
                    "enabled": false
                }
            }
        },
        {
            "type": "Microsoft.Storage/storageAccounts/fileServices",
            "apiVersion": "2019-06-01",
            "name": "[concat(variables('uniqueStorageName'), '/default')]",
            "dependsOn": [
                "[resourceId('Microsoft.Storage/storageAccounts', tolower(variables('uniqueStorageName')))]"
            ],
            "sku": {
                "name": "Standard_LRS",
                "tier": "Standard"
            },
            "properties": {
                "cors": {
                    "corsRules": []
                }
            }
        },
        {
            "type": "Microsoft.Web/sites",
            "apiVersion": "2018-11-01",
            "name": "[variables('uniqueFunctionName')]",
            "location": "[resourceGroup().location]",
            "dependsOn": [
                "[resourceId('Microsoft.Storage/storageAccounts', tolower(variables('uniqueStorageName')))]",
                "[resourceId('Microsoft.Web/serverfarms', variables('uniqueFunctionName'))]",
                "[resourceId('Microsoft.Insights/components', variables('uniqueFunctionName'))]"
            ],
            "kind": "functionapp,linux",
            "identity": {
                "type": "SystemAssigned"
            },
            "properties": {
                "name": "[variables('uniqueFunctionName')]",
                "serverFarmId": "[resourceId('Microsoft.Web/serverfarms', variables('uniqueFunctionName'))]",
                "httpsOnly": true,
                "clientAffinityEnabled": true,
                "alwaysOn": true,
                "reserved": true,
                "siteConfig": {
                    "linuxFxVersion": "python|3.8"
                }
            },
            "resources": [
                {
                    "apiVersion": "2018-11-01",
                    "type": "config",
                    "name": "appsettings",
                    "dependsOn": [
                        "[concat('Microsoft.Web/sites/', variables('uniqueFunctionName'))]"
                    ],
                    "properties": {
                        "FUNCTIONS_EXTENSION_VERSION": "~3",
                        "FUNCTIONS_WORKER_RUNTIME": "python",
                        "APPINSIGHTS_INSTRUMENTATIONKEY": "[reference(resourceId('Microsoft.insights/components', variables('uniqueFunctionName')), '2015-05-01').InstrumentationKey]",
                        "APPLICATIONINSIGHTS_CONNECTION_STRING": "[reference(resourceId('microsoft.insights/components', variables('uniqueFunctionName')), '2015-05-01').ConnectionString]",
                        "AzureWebJobsStorage": "[concat('DefaultEndpointsProtocol=https;AccountName=', toLower(variables('uniqueStorageName')),';AccountKey=',listKeys(resourceId('Microsoft.Storage/storageAccounts', toLower(variables('uniqueStorageName'))), '2019-06-01').keys[0].value, ';EndpointSuffix=core.windows.net')]",
                        "WEBSITE_CONTENTAZUREFILECONNECTIONSTRING": "[concat('DefaultEndpointsProtocol=https;AccountName=', toLower(variables('uniqueStorageName')),';AccountKey=', listKeys(resourceId('Microsoft.Storage/storageAccounts', toLower(variables('uniqueStorageName'))), '2019-06-01').keys[0].value, ';EndpointSuffix=core.windows.net')]",
                        "WEBSITE_CONTENTSHARE": "[toLower(variables('uniqueFunctionName'))]",
                        "workspaceId": "[parameters('workspaceId')]",
                        "workspaceKey": "[parameters('workspaceKey')]",
                        "apiTokens": "[parameters('apiTokens')]",
                        "regionCode": "[parameters('regionCode')]",
                        "WEBSITE_RUN_FROM_PACKAGE": "https://aka.ms/sentinel-trendmicroxdr-functionapp"
                    }
                }
            ]
        },
        {
            "type": "Microsoft.Web/sites/hostNameBindings",
            "apiVersion": "2018-11-01",
            "name": "[concat(variables('uniqueFunctionName'), '/', variables('uniqueFunctionName'), '.azurewebsites.net')]",
            "location": "[resourceGroup().location]",
            "dependsOn": [
                "[resourceId('Microsoft.Web/sites', variables('uniqueFunctionName'))]"
            ],
            "properties": {
                "siteName": "[variables('uniqueFunctionName')]",
                "hostNameType": "Verified"
            }
        },
        {
            "type": "Microsoft.Storage/storageAccounts/blobServices/containers",
            "apiVersion": "2019-06-01",
            "name": "[concat(variables('uniqueStorageName'), '/default/azure-webjobs-hosts')]",
            "dependsOn": [
                "[resourceId('Microsoft.Storage/storageAccounts/blobServices', variables('uniqueStorageName'), 'default')]",
                "[resourceId('Microsoft.Storage/storageAccounts', variables('uniqueStorageName'))]"
            ],
            "properties": {
                "publicAccess": "None"
            }
        },
        {
            "type": "Microsoft.Storage/storageAccounts/blobServices/containers",
            "apiVersion": "2019-06-01",
            "name": "[concat(variables('uniqueStorageName'), '/default/azure-webjobs-secrets')]",
            "dependsOn": [
                "[resourceId('Microsoft.Storage/storageAccounts/blobServices', variables('uniqueStorageName'), 'default')]",
                "[resourceId('Microsoft.Storage/storageAccounts', variables('uniqueStorageName'))]"
            ],
            "properties": {
                "publicAccess": "None"
            }
        },
        {
            "type": "Microsoft.Storage/storageAccounts/fileServices/shares",
            "apiVersion": "2019-06-01",
            "name": "[concat(variables('uniqueStorageName'), '/default/', tolower(variables('uniqueFunctionName')))]",
            "dependsOn": [
                "[resourceId('Microsoft.Storage/storageAccounts/fileServices', variables('uniqueStorageName'), 'default')]",
                "[resourceId('Microsoft.Storage/storageAccounts', variables('uniqueStorageName'))]"
            ],
            "properties": {
                "shareQuota": 5120
            }
        }
    ]
}
