{
  "$schema": "https://schema.management.azure.com/schemas/2019-04-01/deploymentTemplate.json#",
  "contentVersion": "1.0.0.0",
  "metadata": {
    "author": "Thijs Lecomte - thijs.lecomte@thecollective.eu",
    "comments": "Solution template for Lastpass Enterprise Activity Monitoring"
  },
  "parameters": {
    "location": {
      "type": "string",
      "minLength": 1,
      "defaultValue": "[resourceGroup().location]",
      "metadata": {
        "description": "Not used, but needed to pass arm-ttk test `Location-Should-Not-Be-Hardcoded`.  We instead use the `workspace-location` which is derived from the LA workspace"
      }
    },
    "workspace-location": {
      "type": "string",
      "defaultValue": "",
      "metadata": {
        "description": "[concat('Region to deploy solution resources -- separate from location selection',parameters('location'))]"
      }
    },
    "workspace": {
      "defaultValue": "",
      "type": "string",
      "metadata": {
        "description": "Workspace name for Log Analytics where Microsoft Sentinel is setup"
      }
    },
    "workbook1-name": {
      "type": "string",
      "defaultValue": "Lastpass Enterprise Activity Monitoring",
      "minLength": 1,
      "metadata": {
        "description": "Name for the workbook"
      }
    },
    "watchlist1-id": {
      "type": "string",
      "defaultValue": "[newGuid()]",
      "minLength": 1,
      "metadata": {
        "description": "Unique id for the watchlist"
      }
    }
  },
  "variables": {
    "solutionId": "thecollectiveconsultingbv1584980370320.microsoft-sentinel-solution-lastpass",
    "_solutionId": "[variables('solutionId')]",
    "email": "thijs.lecomte@thecollective.eu",
    "_email": "[variables('email')]",
    "workbookVersion1": "1.0.0",
    "workbookContentId1": "LastPassWorkbook",
    "workbookId1": "[resourceId('Microsoft.Insights/workbooks', variables('workbookContentId1'))]",
    "workbookTemplateSpecName1": "[concat(parameters('workspace'),'-wb-',uniquestring(variables('_workbookContentId1')))]",
    "_workbookContentId1": "[variables('workbookContentId1')]",
    "workspaceResourceId": "[resourceId('microsoft.OperationalInsights/Workspaces', parameters('workspace'))]",
    "analyticRuleVersion1": "1.0.0",
    "analyticRulecontentId1": "8a2cc466-342d-4ebb-8871-f9e1d83a24a5",
    "_analyticRulecontentId1": "[variables('analyticRulecontentId1')]",
    "analyticRuleId1": "[resourceId('Microsoft.SecurityInsights/AlertRuleTemplates', variables('analyticRulecontentId1'))]",
    "analyticRuleTemplateSpecName1": "[concat(parameters('workspace'),'-ar-',uniquestring(variables('_analyticRulecontentId1')))]",
    "analyticRuleVersion2": "1.0.0",
    "analyticRulecontentId2": "760b8467-e6cc-4006-9149-5696845c1a54",
    "_analyticRulecontentId2": "[variables('analyticRulecontentId2')]",
    "analyticRuleId2": "[resourceId('Microsoft.SecurityInsights/AlertRuleTemplates', variables('analyticRulecontentId2'))]",
    "analyticRuleTemplateSpecName2": "[concat(parameters('workspace'),'-ar-',uniquestring(variables('_analyticRulecontentId2')))]",
    "analyticRuleVersion3": "1.0.0",
    "analyticRulecontentId3": "b39e6482-ab7e-4817-813d-ec910b64b26e",
    "_analyticRulecontentId3": "[variables('analyticRulecontentId3')]",
    "analyticRuleId3": "[resourceId('Microsoft.SecurityInsights/AlertRuleTemplates', variables('analyticRulecontentId3'))]",
    "analyticRuleTemplateSpecName3": "[concat(parameters('workspace'),'-ar-',uniquestring(variables('_analyticRulecontentId3')))]",
    "analyticRuleVersion4": "1.0.0",
    "analyticRulecontentId4": "2a723664-22c2-4d3e-bbec-5843b90166f3",
    "_analyticRulecontentId4": "[variables('analyticRulecontentId4')]",
    "analyticRuleId4": "[resourceId('Microsoft.SecurityInsights/AlertRuleTemplates', variables('analyticRulecontentId4'))]",
    "analyticRuleTemplateSpecName4": "[concat(parameters('workspace'),'-ar-',uniquestring(variables('_analyticRulecontentId4')))]",
    "analyticRuleVersion5": "1.0.0",
    "analyticRulecontentId5": "a3bbdf60-0a6d-4cc2-b1d1-dd70aca184ce",
    "_analyticRulecontentId5": "[variables('analyticRulecontentId5')]",
    "analyticRuleId5": "[resourceId('Microsoft.SecurityInsights/AlertRuleTemplates', variables('analyticRulecontentId5'))]",
    "analyticRuleTemplateSpecName5": "[concat(parameters('workspace'),'-ar-',uniquestring(variables('_analyticRulecontentId5')))]",
    "huntingQueryVersion1": "1.0.0",
    "huntingQuerycontentId1": "b43fc364-69fc-4d3e-8834-6743ab5725e9",
    "_huntingQuerycontentId1": "[variables('huntingQuerycontentId1')]",
    "huntingQueryId1": "[resourceId('Microsoft.OperationalInsights/savedSearches', variables('_huntingQuerycontentId1'))]",
    "huntingQueryTemplateSpecName1": "[concat(parameters('workspace'),'-hq-',uniquestring(variables('_huntingQuerycontentId1')))]",
    "huntingQueryVersion2": "1.0.0",
    "huntingQuerycontentId2": "d292d770-69a4-4399-9272-6e86c4e53e58",
    "_huntingQuerycontentId2": "[variables('huntingQuerycontentId2')]",
    "huntingQueryId2": "[resourceId('Microsoft.OperationalInsights/savedSearches', variables('_huntingQuerycontentId2'))]",
    "huntingQueryTemplateSpecName2": "[concat(parameters('workspace'),'-hq-',uniquestring(variables('_huntingQuerycontentId2')))]",
    "huntingQueryVersion3": "1.0.0",
    "huntingQuerycontentId3": "e70f1b22-acd1-493f-bba5-b28bea988940",
    "_huntingQuerycontentId3": "[variables('huntingQuerycontentId3')]",
    "huntingQueryId3": "[resourceId('Microsoft.OperationalInsights/savedSearches', variables('_huntingQuerycontentId3'))]",
    "huntingQueryTemplateSpecName3": "[concat(parameters('workspace'),'-hq-',uniquestring(variables('_huntingQuerycontentId3')))]",
    "uiConfigId1": "LastPass_Polling",
    "_uiConfigId1": "[variables('uiConfigId1')]",
    "dataConnectorContentId1": "LastPass_Polling",
    "_dataConnectorContentId1": "[variables('dataConnectorContentId1')]",
    "dataConnectorId1": "[extensionResourceId(resourceId('Microsoft.OperationalInsights/workspaces', parameters('workspace')), 'Microsoft.SecurityInsights/dataConnectors', variables('_dataConnectorContentId1'))]",
    "_dataConnectorId1": "[variables('dataConnectorId1')]",
    "dataConnectorTemplateSpecName1": "[concat(parameters('workspace'),'-dc-',uniquestring(variables('_dataConnectorContentId1')))]",
    "dataConnectorVersion1": "1.0.0",
    "Last Pass High Sensitive Passwords": "Last Pass High Sensitive Passwords",
    "_Last Pass High Sensitive Passwords": "[variables('Last Pass High Sensitive Passwords')]"
  },
  "resources": [
    {
      "type": "Microsoft.Resources/templateSpecs",
      "apiVersion": "2021-05-01",
      "name": "[variables('workbookTemplateSpecName1')]",
      "location": "[parameters('workspace-location')]",
      "tags": {
        "hidden-sentinelWorkspaceId": "[variables('workspaceResourceId')]",
        "hidden-sentinelContentType": "Workbook"
      },
      "properties": {
        "description": "Lastpass Enterprise Activity Monitoring Workbook with template",
        "displayName": "Lastpass Enterprise Activity Monitoring workbook template"
      }
    },
    {
      "type": "Microsoft.Resources/templateSpecs/versions",
      "apiVersion": "2021-05-01",
      "name": "[concat(variables('workbookTemplateSpecName1'),'/',variables('workbookVersion1'))]",
      "location": "[parameters('workspace-location')]",
      "tags": {
        "hidden-sentinelWorkspaceId": "[variables('workspaceResourceId')]",
        "hidden-sentinelContentType": "Workbook"
      },
      "dependsOn": [
        "[resourceId('Microsoft.Resources/templateSpecs', variables('workbookTemplateSpecName1'))]"
      ],
      "properties": {
        "description": "LastPassWorkbookWorkbook Workbook with template version 2.0.0",
        "mainTemplate": {
          "$schema": "https://schema.management.azure.com/schemas/2019-04-01/deploymentTemplate.json#",
          "contentVersion": "[variables('workbookVersion1')]",
          "parameters": {},
          "variables": {},
          "resources": [
            {
              "type": "Microsoft.Insights/workbooks",
              "name": "[variables('workbookContentId1')]",
              "location": "[parameters('workspace-location')]",
              "kind": "shared",
              "apiVersion": "2021-08-01",
              "metadata": {
                "description": "Sets the time name for analysis"
              },
              "properties": {
                "displayName": "[parameters('workbook1-name')]",
                "serializedData": "{\"version\":\"Notebook/1.0\",\"items\":[{\"type\":1,\"content\":{\"json\":\"## Additional diagrams about generic LastPass usage\\r\\n---\"},\"name\":\"text - 6\"},{\"type\":12,\"content\":{\"version\":\"NotebookGroup/1.0\",\"groupType\":\"editable\",\"items\":[{\"type\":3,\"content\":{\"version\":\"KqlItem/1.0\",\"query\":\"LastPassNativePoller_CL\\r\\n| where isnotempty(Data_s)\\r\\n| summarize count() by Data_s\\r\\n| order by count_\\r\\n| render piechart\",\"size\":3,\"title\":\"Overview of the sites used\",\"timeContext\":{\"durationMs\":2592000000},\"queryType\":0,\"resourceType\":\"microsoft.operationalinsights/workspaces\"},\"customWidth\":\"30\",\"name\":\"query - 7\"},{\"type\":3,\"content\":{\"version\":\"KqlItem/1.0\",\"query\":\"LastPassNativePoller_CL\\r\\n| where Username_s != \\\"API\\\"\\r\\n| summarize count() by Username_s\\r\\n| order by count_\\r\\n| render piechart\",\"size\":3,\"title\":\"Overview of the active users\",\"timeContext\":{\"durationMs\":2592000000},\"queryType\":0,\"resourceType\":\"microsoft.operationalinsights/workspaces\"},\"customWidth\":\"30\",\"name\":\"query - 8\"},{\"type\":3,\"content\":{\"version\":\"KqlItem/1.0\",\"query\":\"LastPassNativePoller_CL\\r\\n| where Action_s != \\\"Reporting\\\"\\r\\n| summarize count() by Action_s\\r\\n| order by count_\\r\\n| render piechart\",\"size\":3,\"title\":\"Overview of the activity types\",\"timeContext\":{\"durationMs\":2592000000},\"queryType\":0,\"resourceType\":\"microsoft.operationalinsights/workspaces\"},\"customWidth\":\"30\",\"name\":\"query - 2\"}]},\"name\":\"Additional diagrams about generic LastPass usage\"},{\"type\":1,\"content\":{\"json\":\"## Insights into sign-in methods\\r\\n---\"},\"name\":\"text - 3\"},{\"type\":3,\"content\":{\"version\":\"KqlItem/1.0\",\"query\":\"let IPs = SigninLogs | project IPAddress;\\r\\nLastPassNativePoller_CL\\r\\n| where Action_s != \\\"Reporting\\\"\\r\\n| where IP_Address_s !in (IPs)\\r\\n| summarize Count = count() by bin(todatetime(Time_s), 1d)\\r\\n| render timechart\",\"size\":3,\"title\":\"Sign-ins using an IP which has not been observed before\",\"timeContext\":{\"durationMs\":2592000000},\"queryType\":0,\"resourceType\":\"microsoft.operationalinsights/workspaces\",\"visualization\":\"timechart\",\"chartSettings\":{\"showMetrics\":false,\"ySettings\":{\"min\":0}}},\"name\":\"query - 4\"},{\"type\":3,\"content\":{\"version\":\"KqlItem/1.0\",\"query\":\"LastPassNativePoller_CL\\r\\n| where Action_s == \\\"Log in\\\"\\r\\n| join (SigninLogs | where AppDisplayName == \\\"LastPass Enterprise\\\") on $left.IP_Address_s == $right.IPAddress\\r\\n| extend isCompliant = iff(DeviceDetail.isCompliant == \\\"true\\\", \\\"Compliant\\\", \\\"Non-Compliant\\\")\\r\\n| summarize count() by isCompliant\",\"size\":3,\"title\":\"Overview of compliancy state of device used to login\",\"timeContext\":{\"durationMs\":2592000000},\"queryType\":0,\"resourceType\":\"microsoft.operationalinsights/workspaces\",\"visualization\":\"barchart\"},\"name\":\"query - 5\"},{\"type\":1,\"content\":{\"json\":\"## Logins in to admin console\"},\"name\":\"text - 2\"},{\"type\":3,\"content\":{\"version\":\"KqlItem/1.0\",\"query\":\"LastPassNativePoller_CL\\n| where Action_s == \\\"Login to Admin Console\\\"\\n| summarize Count = count() by Username_s\",\"size\":3,\"queryType\":0,\"resourceType\":\"microsoft.operationalinsights/workspaces\"},\"name\":\"query - 2\"}],\"fromTemplateId\":\"sentinel-LastPass\",\"$schema\":\"https://github.com/Microsoft/Application-Insights-Workbooks/blob/master/schema/workbook.json\"}\r\n",
                "version": "1.0",
                "sourceId": "[variables('workspaceResourceId')]",
                "category": "sentinel"
              }
            },
            {
              "type": "Microsoft.OperationalInsights/workspaces/providers/metadata",
              "apiVersion": "2022-01-01-preview",
              "name": "[concat(parameters('workspace'),'/Microsoft.SecurityInsights/',concat('Workbook-', last(split(variables('workbookId1'),'/'))))]",
              "properties": {
                "description": "@{workbookKey=LastPassWorkbook; logoFileName=LastPass.svg; description=Sets the time name for analysis; dataTypesDependencies=System.Object[]; dataConnectorsDependencies=System.Object[]; previewImagesFileNames=System.Object[]; version=1.0.0; title=Lastpass Enterprise Activity Monitoring; templateRelativePath=LastPassWorkbook.json; subtitle=; provider=LastPass}.description",
                "parentId": "[variables('workbookId1')]",
                "contentId": "[variables('_workbookContentId1')]",
                "kind": "Workbook",
                "version": "[variables('workbookVersion1')]",
                "source": {
                  "kind": "Solution",
                  "name": "Lastpass Enterprise Activity Monitoring",
                  "sourceId": "[variables('_solutionId')]"
                },
                "author": {
                  "name": "Thijs Lecomte",
                  "email": "[variables('_email')]"
                },
                "support": {
                  "name": "The Collective Consulting",
                  "email": "support@thecollective.eu",
                  "tier": "Partner",
                  "link": "https://thecollective.eu"
                },
                "dependencies": {
                  "operator": "AND",
                  "criteria": [
                    {
                      "contentId": "LastPassNativePoller_CL",
                      "kind": "DataType"
                    },
                    {
                      "contentId": "LastPassAPIConnector",
                      "kind": "DataConnector"
                    }
                  ]
                }
              }
            }
          ]
        }
      }
    },
    {
      "type": "Microsoft.Resources/templateSpecs",
      "apiVersion": "2021-05-01",
      "name": "[variables('analyticRuleTemplateSpecName1')]",
      "location": "[parameters('workspace-location')]",
      "tags": {
        "hidden-sentinelWorkspaceId": "[variables('workspaceResourceId')]",
        "hidden-sentinelContentType": "AnalyticsRule"
      },
      "properties": {
        "description": "Lastpass Enterprise Activity Monitoring Analytics Rule 1 with template",
        "displayName": "Lastpass Enterprise Activity Monitoring Analytics Rule template"
      }
    },
    {
      "type": "Microsoft.Resources/templateSpecs/versions",
      "apiVersion": "2021-05-01",
      "name": "[concat(variables('analyticRuleTemplateSpecName1'),'/',variables('analyticRuleVersion1'))]",
      "location": "[parameters('workspace-location')]",
      "tags": {
        "hidden-sentinelWorkspaceId": "[variables('workspaceResourceId')]",
        "hidden-sentinelContentType": "AnalyticsRule"
      },
      "dependsOn": [
        "[resourceId('Microsoft.Resources/templateSpecs', variables('analyticRuleTemplateSpecName1'))]"
      ],
      "properties": {
        "description": "EmployeeAccountDeleted_AnalyticalRules Analytics Rule with template version 2.0.0",
        "mainTemplate": {
          "$schema": "https://schema.management.azure.com/schemas/2019-04-01/deploymentTemplate.json#",
          "contentVersion": "[variables('analyticRuleVersion1')]",
          "parameters": {},
          "variables": {},
          "resources": [
            {
              "type": "Microsoft.SecurityInsights/AlertRuleTemplates",
              "name": "[variables('AnalyticRulecontentId1')]",
              "apiVersion": "2022-04-01-preview",
              "kind": "Scheduled",
              "location": "[parameters('workspace-location')]",
              "properties": {
                "description": "This rule will monitor for any employee accounts being deleted.\nDeleting an employee account can have a big potential impact as all of the data for that user will be removed.",
                "displayName": "Employee account deleted",
                "enabled": false,
                "query": "LastPassNativePoller_CL\n| where Action_s == \"Employee Account Deleted\" or Action_s == \"Remove User From Company\"\n| extend AccountCustomEntity = Username_s, IPCustomEntity = IP_Address_s\n",
                "queryFrequency": "PT1H",
                "queryPeriod": "PT1H",
                "severity": "Medium",
                "suppressionDuration": "PT1H",
                "suppressionEnabled": false,
                "triggerOperator": "GreaterThan",
                "triggerThreshold": 0,
                "status": "Available",
                "requiredDataConnectors": [
                  {
                    "dataTypes": [
                      "LastPassNativePoller_CL"
                    ],
                    "connectorId": "LastPass"
                  }
                ],
                "tactics": [
                  "Impact"
                ],
                "entityMappings": [
                  {
                    "fieldMappings": [
                      {
                        "columnName": "AccountCustomEntity",
                        "identifier": "Name"
                      }
                    ],
                    "entityType": "Account"
                  },
                  {
                    "fieldMappings": [
                      {
                        "columnName": "IPCustomEntity",
                        "identifier": "Address"
                      }
                    ],
                    "entityType": "IP"
                  }
                ],
                "eventGroupingSettings": {
                  "aggregationKind": "AlertPerResult"
                }
              }
            },
            {
              "type": "Microsoft.OperationalInsights/workspaces/providers/metadata",
              "apiVersion": "2022-01-01-preview",
              "name": "[concat(parameters('workspace'),'/Microsoft.SecurityInsights/',concat('AnalyticsRule-', last(split(variables('analyticRuleId1'),'/'))))]",
              "properties": {
                "description": "Lastpass Enterprise Activity Monitoring Analytics Rule 1",
                "parentId": "[variables('analyticRuleId1')]",
                "contentId": "[variables('_analyticRulecontentId1')]",
                "kind": "AnalyticsRule",
                "version": "[variables('analyticRuleVersion1')]",
                "source": {
                  "kind": "Solution",
                  "name": "Lastpass Enterprise Activity Monitoring",
                  "sourceId": "[variables('_solutionId')]"
                },
                "author": {
                  "name": "Thijs Lecomte",
                  "email": "[variables('_email')]"
                },
                "support": {
                  "name": "The Collective Consulting",
                  "email": "support@thecollective.eu",
                  "tier": "Partner",
                  "link": "https://thecollective.eu"
                }
              }
            }
          ]
        }
      }
    },
    {
      "type": "Microsoft.Resources/templateSpecs",
      "apiVersion": "2021-05-01",
      "name": "[variables('analyticRuleTemplateSpecName2')]",
      "location": "[parameters('workspace-location')]",
      "tags": {
        "hidden-sentinelWorkspaceId": "[variables('workspaceResourceId')]",
        "hidden-sentinelContentType": "AnalyticsRule"
      },
      "properties": {
        "description": "Lastpass Enterprise Activity Monitoring Analytics Rule 2 with template",
        "displayName": "Lastpass Enterprise Activity Monitoring Analytics Rule template"
      }
    },
    {
      "type": "Microsoft.Resources/templateSpecs/versions",
      "apiVersion": "2021-05-01",
      "name": "[concat(variables('analyticRuleTemplateSpecName2'),'/',variables('analyticRuleVersion2'))]",
      "location": "[parameters('workspace-location')]",
      "tags": {
        "hidden-sentinelWorkspaceId": "[variables('workspaceResourceId')]",
        "hidden-sentinelContentType": "AnalyticsRule"
      },
      "dependsOn": [
        "[resourceId('Microsoft.Resources/templateSpecs', variables('analyticRuleTemplateSpecName2'))]"
      ],
      "properties": {
        "description": "FailedSigninDueToMFA_AnalyticalRules Analytics Rule with template version 2.0.0",
        "mainTemplate": {
          "$schema": "https://schema.management.azure.com/schemas/2019-04-01/deploymentTemplate.json#",
          "contentVersion": "[variables('analyticRuleVersion2')]",
          "parameters": {},
          "variables": {},
          "resources": [
            {
              "type": "Microsoft.SecurityInsights/AlertRuleTemplates",
              "name": "[variables('AnalyticRulecontentId2')]",
              "apiVersion": "2022-04-01-preview",
              "kind": "Scheduled",
              "location": "[parameters('workspace-location')]",
              "properties": {
                "description": "This rule will check if a sign-in failed into LastPass due to MFA.\nAn incident can indicate the potential brute forcing of a LastPass account. \nThe use of MFA is identified by combining the sign-in logs, this rule assumes LastPass is federated to AAD.",
                "displayName": "Failed sign-ins into LastPass due to MFA",
                "enabled": false,
                "query": "LastPassNativePoller_CL\n| where Action_s == \"Log in\"\n| join (SigninLogs | where AppDisplayName == \"LastPass Enterprise\") on $left.IP_Address_s == $right.IPAddress and $left.Username_s == $right.UserPrincipalName\n| where ResultType in (50074, 50076)\n| extend AccountCustomEntity = Username_s, IPCustomEntity = IP_Address_s\n",
                "queryFrequency": "P1D",
                "queryPeriod": "P1D",
                "severity": "Low",
                "suppressionDuration": "PT1H",
                "suppressionEnabled": false,
                "triggerOperator": "GreaterThan",
                "triggerThreshold": 0,
                "status": "Available",
                "requiredDataConnectors": [
                  {
                    "dataTypes": [
                      "LastPassNativePoller_CL"
                    ],
                    "connectorId": "LastPass"
                  },
                  {
                    "dataTypes": [
                      "SigninLogs"
                    ],
                    "connectorId": "AzureActiveDirectory"
                  }
                ],
                "tactics": [
                  "InitialAccess"
                ],
                "entityMappings": [
                  {
                    "fieldMappings": [
                      {
                        "columnName": "AccountCustomEntity",
                        "identifier": "Name"
                      }
                    ],
                    "entityType": "Account"
                  },
                  {
                    "fieldMappings": [
                      {
                        "columnName": "IPCustomEntity",
                        "identifier": "Address"
                      }
                    ],
                    "entityType": "IP"
                  }
                ],
                "eventGroupingSettings": {
                  "aggregationKind": "AlertPerResult"
                }
              }
            },
            {
              "type": "Microsoft.OperationalInsights/workspaces/providers/metadata",
              "apiVersion": "2022-01-01-preview",
              "name": "[concat(parameters('workspace'),'/Microsoft.SecurityInsights/',concat('AnalyticsRule-', last(split(variables('analyticRuleId2'),'/'))))]",
              "properties": {
                "description": "Lastpass Enterprise Activity Monitoring Analytics Rule 2",
                "parentId": "[variables('analyticRuleId2')]",
                "contentId": "[variables('_analyticRulecontentId2')]",
                "kind": "AnalyticsRule",
                "version": "[variables('analyticRuleVersion2')]",
                "source": {
                  "kind": "Solution",
                  "name": "Lastpass Enterprise Activity Monitoring",
                  "sourceId": "[variables('_solutionId')]"
                },
                "author": {
                  "name": "Thijs Lecomte",
                  "email": "[variables('_email')]"
                },
                "support": {
                  "name": "The Collective Consulting",
                  "email": "support@thecollective.eu",
                  "tier": "Partner",
                  "link": "https://thecollective.eu"
                }
              }
            }
          ]
        }
      }
    },
    {
      "type": "Microsoft.Resources/templateSpecs",
      "apiVersion": "2021-05-01",
      "name": "[variables('analyticRuleTemplateSpecName3')]",
      "location": "[parameters('workspace-location')]",
      "tags": {
        "hidden-sentinelWorkspaceId": "[variables('workspaceResourceId')]",
        "hidden-sentinelContentType": "AnalyticsRule"
      },
      "properties": {
        "description": "Lastpass Enterprise Activity Monitoring Analytics Rule 3 with template",
        "displayName": "Lastpass Enterprise Activity Monitoring Analytics Rule template"
      }
    },
    {
      "type": "Microsoft.Resources/templateSpecs/versions",
      "apiVersion": "2021-05-01",
      "name": "[concat(variables('analyticRuleTemplateSpecName3'),'/',variables('analyticRuleVersion3'))]",
      "location": "[parameters('workspace-location')]",
      "tags": {
        "hidden-sentinelWorkspaceId": "[variables('workspaceResourceId')]",
        "hidden-sentinelContentType": "AnalyticsRule"
      },
      "dependsOn": [
        "[resourceId('Microsoft.Resources/templateSpecs', variables('analyticRuleTemplateSpecName3'))]"
      ],
      "properties": {
        "description": "HighlySensitivePasswordAccessed_AnalyticalRules Analytics Rule with template version 2.0.0",
        "mainTemplate": {
          "$schema": "https://schema.management.azure.com/schemas/2019-04-01/deploymentTemplate.json#",
          "contentVersion": "[variables('analyticRuleVersion3')]",
          "parameters": {},
          "variables": {},
          "resources": [
            {
              "type": "Microsoft.SecurityInsights/AlertRuleTemplates",
              "name": "[variables('AnalyticRulecontentId3')]",
              "apiVersion": "2022-04-01-preview",
              "kind": "Scheduled",
              "location": "[parameters('workspace-location')]",
              "properties": {
                "description": "This rule will monitor access to highly sensitive passwords.\nWithin the Watchlist called 'LastPass' define passwords which are deemed highly sensitive (such as password to a high privileged application).\nWhen an activity is observed against such password, an incident is created.",
                "displayName": "Highly Sensitive Password Accessed",
                "enabled": false,
                "query": "let watchlist = (_GetWatchlist(\"LastPass\") | project name);\nLastPassNativePoller_CL\n| where Data_s in (watchlist)\n| extend AccountCustomEntity = Username_s, IPCustomEntity = IP_Address_s, URLCustomEntity = Data_s\n",
                "queryFrequency": "PT1H",
                "queryPeriod": "PT1H",
                "severity": "Medium",
                "suppressionDuration": "PT1H",
                "suppressionEnabled": false,
                "triggerOperator": "GreaterThan",
                "triggerThreshold": 0,
                "status": "Available",
                "requiredDataConnectors": [
                  {
                    "dataTypes": [
                      "LastPassNativePoller_CL"
                    ],
                    "connectorId": "LastPass"
                  }
                ],
                "tactics": [
                  "CredentialAccess",
                  "Discovery"
                ],
                "entityMappings": [
                  {
                    "fieldMappings": [
                      {
                        "columnName": "AccountCustomEntity",
                        "identifier": "Name"
                      }
                    ],
                    "entityType": "Account"
                  },
                  {
                    "fieldMappings": [
                      {
                        "columnName": "IPCustomEntity",
                        "identifier": "Address"
                      }
                    ],
                    "entityType": "IP"
                  },
                  {
                    "fieldMappings": [
                      {
                        "columnName": "URLCustomEntity",
                        "identifier": "Url"
                      }
                    ],
                    "entityType": "URL"
                  }
                ],
                "eventGroupingSettings": {
                  "aggregationKind": "AlertPerResult"
                }
              }
            },
            {
              "type": "Microsoft.OperationalInsights/workspaces/providers/metadata",
              "apiVersion": "2022-01-01-preview",
              "name": "[concat(parameters('workspace'),'/Microsoft.SecurityInsights/',concat('AnalyticsRule-', last(split(variables('analyticRuleId3'),'/'))))]",
              "properties": {
                "description": "Lastpass Enterprise Activity Monitoring Analytics Rule 3",
                "parentId": "[variables('analyticRuleId3')]",
                "contentId": "[variables('_analyticRulecontentId3')]",
                "kind": "AnalyticsRule",
                "version": "[variables('analyticRuleVersion3')]",
                "source": {
                  "kind": "Solution",
                  "name": "Lastpass Enterprise Activity Monitoring",
                  "sourceId": "[variables('_solutionId')]"
                },
                "author": {
                  "name": "Thijs Lecomte",
                  "email": "[variables('_email')]"
                },
                "support": {
                  "name": "The Collective Consulting",
                  "email": "support@thecollective.eu",
                  "tier": "Partner",
                  "link": "https://thecollective.eu"
                }
              }
            }
          ]
        }
      }
    },
    {
      "type": "Microsoft.Resources/templateSpecs",
      "apiVersion": "2021-05-01",
      "name": "[variables('analyticRuleTemplateSpecName4')]",
      "location": "[parameters('workspace-location')]",
      "tags": {
        "hidden-sentinelWorkspaceId": "[variables('workspaceResourceId')]",
        "hidden-sentinelContentType": "AnalyticsRule"
      },
      "properties": {
        "description": "Lastpass Enterprise Activity Monitoring Analytics Rule 4 with template",
        "displayName": "Lastpass Enterprise Activity Monitoring Analytics Rule template"
      }
    },
    {
      "type": "Microsoft.Resources/templateSpecs/versions",
      "apiVersion": "2021-05-01",
      "name": "[concat(variables('analyticRuleTemplateSpecName4'),'/',variables('analyticRuleVersion4'))]",
      "location": "[parameters('workspace-location')]",
      "tags": {
        "hidden-sentinelWorkspaceId": "[variables('workspaceResourceId')]",
        "hidden-sentinelContentType": "AnalyticsRule"
      },
      "dependsOn": [
        "[resourceId('Microsoft.Resources/templateSpecs', variables('analyticRuleTemplateSpecName4'))]"
      ],
      "properties": {
        "description": "TIMapIPEntityToLastPass_AnalyticalRules Analytics Rule with template version 2.0.0",
        "mainTemplate": {
          "$schema": "https://schema.management.azure.com/schemas/2019-04-01/deploymentTemplate.json#",
          "contentVersion": "[variables('analyticRuleVersion4')]",
          "parameters": {},
          "variables": {},
          "resources": [
            {
              "type": "Microsoft.SecurityInsights/AlertRuleTemplates",
              "name": "[variables('AnalyticRulecontentId4')]",
              "apiVersion": "2022-04-01-preview",
              "kind": "Scheduled",
              "location": "[parameters('workspace-location')]",
              "properties": {
                "description": "Identifies a match in LastPass table from any IP IOC from TI",
                "displayName": "TI map IP entity to LastPass data",
                "enabled": false,
                "query": "let dt_lookBack = 1h;\nlet ioc_lookBack = 14d;\nThreatIntelligenceIndicator\n| where TimeGenerated >= ago(ioc_lookBack) and ExpirationDateTime > now()\n| where Active == true\n// Picking up only IOC's that contain the entities we want\n| where isnotempty(NetworkIP) or isnotempty(EmailSourceIpAddress) or isnotempty(NetworkDestinationIP) or isnotempty(NetworkSourceIP)\n// As there is potentially more than 1 indicator type for matching IP, taking Network IP first, then others if that is empty.\n// Taking the first non-empty value based on potential IOC match availability\n| extend TI_ipEntity = iff(isnotempty(NetworkIP), NetworkIP, NetworkDestinationIP)\n| extend TI_ipEntity = iff(isempty(TI_ipEntity) and isnotempty(NetworkSourceIP), NetworkSourceIP, TI_ipEntity)\n| extend TI_ipEntity = iff(isempty(TI_ipEntity) and isnotempty(EmailSourceIpAddress), EmailSourceIpAddress, TI_ipEntity)\n| join (\n    LastPassNativePoller_CL | where todatetime(Time_s) >= ago(dt_lookBack)\n    | where Action_s != \"Reporting\"\n    // renaming time column so it is clear the log this came from\n    | extend LastPass_TimeGenerated = todatetime(Time_s)\n)\non $left.TI_ipEntity == $right.IP_Address_s\n| summarize LatestIndicatorTime = arg_max(TimeGenerated, *) by IndicatorId\n| project LatestIndicatorTime, Description, ActivityGroupNames, IndicatorId, ThreatType, Url, ExpirationDateTime, ConfidenceScore, LastPass_TimeGenerated, \nTI_ipEntity, IP_Address_s, Username_s, Action_s, Data_s, NetworkIP, NetworkDestinationIP, NetworkSourceIP, EmailSourceIpAddress\n| extend timestamp = LastPass_TimeGenerated, AccountCustomEntity = Username_s, IPCustomEntity = IP_Address_s, URLCustomEntity = Url\n",
                "queryFrequency": "PT1H",
                "queryPeriod": "P14D",
                "severity": "Medium",
                "suppressionDuration": "PT1H",
                "suppressionEnabled": false,
                "triggerOperator": "GreaterThan",
                "triggerThreshold": 0,
                "status": "Available",
                "requiredDataConnectors": [
                  {
                    "dataTypes": [
                      "LastPassNativePoller_CL"
                    ],
                    "connectorId": "LastPass"
                  },
                  {
                    "dataTypes": [
                      "ThreatIntelligenceIndicator"
                    ],
                    "connectorId": "ThreatIntelligence"
                  }
                ],
                "tactics": [
                  "Impact"
                ],
                "entityMappings": [
                  {
                    "fieldMappings": [
                      {
                        "columnName": "AccountCustomEntity",
                        "identifier": "Name"
                      }
                    ],
                    "entityType": "Account"
                  },
                  {
                    "fieldMappings": [
                      {
                        "columnName": "IPCustomEntity",
                        "identifier": "Address"
                      }
                    ],
                    "entityType": "IP"
                  },
                  {
                    "fieldMappings": [
                      {
                        "columnName": "URLCustomEntity",
                        "identifier": "Url"
                      }
                    ],
                    "entityType": "URL"
                  }
                ],
                "eventGroupingSettings": {
                  "aggregationKind": "AlertPerResult"
                }
              }
            },
            {
              "type": "Microsoft.OperationalInsights/workspaces/providers/metadata",
              "apiVersion": "2022-01-01-preview",
              "name": "[concat(parameters('workspace'),'/Microsoft.SecurityInsights/',concat('AnalyticsRule-', last(split(variables('analyticRuleId4'),'/'))))]",
              "properties": {
                "description": "Lastpass Enterprise Activity Monitoring Analytics Rule 4",
                "parentId": "[variables('analyticRuleId4')]",
                "contentId": "[variables('_analyticRulecontentId4')]",
                "kind": "AnalyticsRule",
                "version": "[variables('analyticRuleVersion4')]",
                "source": {
                  "kind": "Solution",
                  "name": "Lastpass Enterprise Activity Monitoring",
                  "sourceId": "[variables('_solutionId')]"
                },
                "author": {
                  "name": "Thijs Lecomte",
                  "email": "[variables('_email')]"
                },
                "support": {
                  "name": "The Collective Consulting",
                  "email": "support@thecollective.eu",
                  "tier": "Partner",
                  "link": "https://thecollective.eu"
                }
              }
            }
          ]
        }
      }
    },
    {
      "type": "Microsoft.Resources/templateSpecs",
      "apiVersion": "2021-05-01",
      "name": "[variables('analyticRuleTemplateSpecName5')]",
      "location": "[parameters('workspace-location')]",
      "tags": {
        "hidden-sentinelWorkspaceId": "[variables('workspaceResourceId')]",
        "hidden-sentinelContentType": "AnalyticsRule"
      },
      "properties": {
        "description": "Lastpass Enterprise Activity Monitoring Analytics Rule 5 with template",
        "displayName": "Lastpass Enterprise Activity Monitoring Analytics Rule template"
      }
    },
    {
      "type": "Microsoft.Resources/templateSpecs/versions",
      "apiVersion": "2021-05-01",
      "name": "[concat(variables('analyticRuleTemplateSpecName5'),'/',variables('analyticRuleVersion5'))]",
      "location": "[parameters('workspace-location')]",
      "tags": {
        "hidden-sentinelWorkspaceId": "[variables('workspaceResourceId')]",
        "hidden-sentinelContentType": "AnalyticsRule"
      },
      "dependsOn": [
        "[resourceId('Microsoft.Resources/templateSpecs', variables('analyticRuleTemplateSpecName5'))]"
      ],
      "properties": {
        "description": "UnusualVolumeOfPasswordsUpdatedOrRemoved_AnalyticalRules Analytics Rule with template version 2.0.0",
        "mainTemplate": {
          "$schema": "https://schema.management.azure.com/schemas/2019-04-01/deploymentTemplate.json#",
          "contentVersion": "[variables('analyticRuleVersion5')]",
          "parameters": {},
          "variables": {},
          "resources": [
            {
              "type": "Microsoft.SecurityInsights/AlertRuleTemplates",
              "name": "[variables('AnalyticRulecontentId5')]",
              "apiVersion": "2022-04-01-preview",
              "kind": "Scheduled",
              "location": "[parameters('workspace-location')]",
              "properties": {
                "description": "This rule will check if there is an unnormal activity of sites that are deleted or changed per user.\n The normal amount of actions is calculated based on the previous 14 days of activity. If there is a significant increase, an incident will be created.",
                "displayName": "Unusual Volume of Password Updated or Removed",
                "enabled": false,
                "query": "let threshold = toscalar (LastPassNativePoller_CL\n| where todatetime(Time_s) >= startofday(ago(14d)) and todatetime(Time_s) < startofday(ago(1d))\n| where Action_s == \"Site Changed\" or Action_s == \"Deleted Sites\" \n| summarize count() by Username_s, bin(todatetime(Time_s),1d)\n| summarize avg(count_), stdev(count_)\n| project threshold = avg_count_+stdev_count_*2);\nLastPassNativePoller_CL\n| where Username_s != \"API\"\n| where Action_s == \"Site Changed\" or Action_s == \"Deleted Sites\" and todatetime(Time_s) >= startofday(ago(1d))\n| summarize count() by Username_s, IP_Address_s\n| where count_ > ['threshold']\n| extend AccountCustomEntity = Username_s, IPCustomEntity = IP_Address_s\n",
                "queryFrequency": "P1D",
                "queryPeriod": "P14D",
                "severity": "Low",
                "suppressionDuration": "PT1H",
                "suppressionEnabled": false,
                "triggerOperator": "GreaterThan",
                "triggerThreshold": 0,
                "status": "Available",
                "requiredDataConnectors": [
                  {
                    "dataTypes": [
                      "LastPassNativePoller_CL"
                    ],
                    "connectorId": "LastPass"
                  }
                ],
                "tactics": [
                  "Impact"
                ],
                "entityMappings": [
                  {
                    "fieldMappings": [
                      {
                        "columnName": "AccountCustomEntity",
                        "identifier": "Name"
                      }
                    ],
                    "entityType": "Account"
                  },
                  {
                    "fieldMappings": [
                      {
                        "columnName": "IPCustomEntity",
                        "identifier": "Address"
                      }
                    ],
                    "entityType": "IP"
                  }
                ],
                "eventGroupingSettings": {
                  "aggregationKind": "AlertPerResult"
                }
              }
            },
            {
              "type": "Microsoft.OperationalInsights/workspaces/providers/metadata",
              "apiVersion": "2022-01-01-preview",
              "name": "[concat(parameters('workspace'),'/Microsoft.SecurityInsights/',concat('AnalyticsRule-', last(split(variables('analyticRuleId5'),'/'))))]",
              "properties": {
                "description": "Lastpass Enterprise Activity Monitoring Analytics Rule 5",
                "parentId": "[variables('analyticRuleId5')]",
                "contentId": "[variables('_analyticRulecontentId5')]",
                "kind": "AnalyticsRule",
                "version": "[variables('analyticRuleVersion5')]",
                "source": {
                  "kind": "Solution",
                  "name": "Lastpass Enterprise Activity Monitoring",
                  "sourceId": "[variables('_solutionId')]"
                },
                "author": {
                  "name": "Thijs Lecomte",
                  "email": "[variables('_email')]"
                },
                "support": {
                  "name": "The Collective Consulting",
                  "email": "support@thecollective.eu",
                  "tier": "Partner",
                  "link": "https://thecollective.eu"
                }
              }
            }
          ]
        }
      }
    },
    {
      "type": "Microsoft.Resources/templateSpecs",
      "apiVersion": "2021-05-01",
      "name": "[variables('huntingQueryTemplateSpecName1')]",
      "location": "[parameters('workspace-location')]",
      "tags": {
        "hidden-sentinelWorkspaceId": "[variables('workspaceResourceId')]",
        "hidden-sentinelContentType": "HuntingQuery"
      },
      "properties": {
        "description": "Lastpass Enterprise Activity Monitoring Hunting Query 1 with template",
        "displayName": "Lastpass Enterprise Activity Monitoring Hunting Query template"
      }
    },
    {
      "type": "Microsoft.Resources/templateSpecs/versions",
      "apiVersion": "2021-05-01",
      "name": "[concat(variables('huntingQueryTemplateSpecName1'),'/',variables('huntingQueryVersion1'))]",
      "location": "[parameters('workspace-location')]",
      "tags": {
        "hidden-sentinelWorkspaceId": "[variables('workspaceResourceId')]",
        "hidden-sentinelContentType": "HuntingQuery"
      },
      "dependsOn": [
        "[resourceId('Microsoft.Resources/templateSpecs', variables('huntingQueryTemplateSpecName1'))]"
      ],
      "properties": {
        "description": "FailedSigninsDueToMFA_HuntingQueries Hunting Query with template version 2.0.0",
        "mainTemplate": {
          "$schema": "https://schema.management.azure.com/schemas/2019-04-01/deploymentTemplate.json#",
          "contentVersion": "[variables('huntingQueryVersion1')]",
          "parameters": {},
          "variables": {},
          "resources": [
            {
              "type": "Microsoft.OperationalInsights/savedSearches",
              "apiVersion": "2020-08-01",
              "name": "Lastpass_Enterprise_Activity_Monitoring_Hunting_Query_1",
              "location": "[parameters('workspace-location')]",
              "properties": {
                "eTag": "*",
                "displayName": "Failed sign-ins into LastPass due to MFA.",
                "category": "Hunting Queries",
                "query": "LastPassNativePoller_CL\n| where Action_s == \"Log in\"\n| join (SigninLogs | where AppDisplayName == \"LastPass Enterprise\") on $left.IP_Address_s == $right.IPAddress and $left.Username_s == $right.UserPrincipalName\n| where ResultType in (50074, 50076)\n| extend AccountCustomEntity = Username_s, IPCustomEntity = IP_Address_s, TimestampCustomEntity = todatetime(Time_s)\n",
                "version": 2,
                "tags": [
                  {
                    "name": "description",
                    "value": "This will check for sign-ins into LastPass which are not confirmed using MFA based on the Sign-in Logs"
                  },
                  {
                    "name": "tactics",
                    "value": "InitialAccess"
                  },
                  {
                    "name": "techniques",
                    "value": "T1078"
                  }
                ]
              }
            },
            {
              "type": "Microsoft.OperationalInsights/workspaces/providers/metadata",
              "apiVersion": "2022-01-01-preview",
              "name": "[concat(parameters('workspace'),'/Microsoft.SecurityInsights/',concat('HuntingQuery-', last(split(variables('huntingQueryId1'),'/'))))]",
              "properties": {
                "description": "Lastpass Enterprise Activity Monitoring Hunting Query 1",
                "parentId": "[variables('huntingQueryId1')]",
                "contentId": "[variables('_huntingQuerycontentId1')]",
                "kind": "HuntingQuery",
                "version": "[variables('huntingQueryVersion1')]",
                "source": {
                  "kind": "Solution",
                  "name": "Lastpass Enterprise Activity Monitoring",
                  "sourceId": "[variables('_solutionId')]"
                },
                "author": {
                  "name": "Thijs Lecomte",
                  "email": "[variables('_email')]"
                },
                "support": {
                  "name": "The Collective Consulting",
                  "email": "support@thecollective.eu",
                  "tier": "Partner",
                  "link": "https://thecollective.eu"
                }
              }
            }
          ]
        }
      }
    },
    {
      "type": "Microsoft.Resources/templateSpecs",
      "apiVersion": "2021-05-01",
      "name": "[variables('huntingQueryTemplateSpecName2')]",
      "location": "[parameters('workspace-location')]",
      "tags": {
        "hidden-sentinelWorkspaceId": "[variables('workspaceResourceId')]",
        "hidden-sentinelContentType": "HuntingQuery"
      },
      "properties": {
        "description": "Lastpass Enterprise Activity Monitoring Hunting Query 2 with template",
        "displayName": "Lastpass Enterprise Activity Monitoring Hunting Query template"
      }
    },
    {
      "type": "Microsoft.Resources/templateSpecs/versions",
      "apiVersion": "2021-05-01",
      "name": "[concat(variables('huntingQueryTemplateSpecName2'),'/',variables('huntingQueryVersion2'))]",
      "location": "[parameters('workspace-location')]",
      "tags": {
        "hidden-sentinelWorkspaceId": "[variables('workspaceResourceId')]",
        "hidden-sentinelContentType": "HuntingQuery"
      },
      "dependsOn": [
        "[resourceId('Microsoft.Resources/templateSpecs', variables('huntingQueryTemplateSpecName2'))]"
      ],
      "properties": {
        "description": "LoginIntoLastPassFromUnknownIP_HuntingQueries Hunting Query with template version 2.0.0",
        "mainTemplate": {
          "$schema": "https://schema.management.azure.com/schemas/2019-04-01/deploymentTemplate.json#",
          "contentVersion": "[variables('huntingQueryVersion2')]",
          "parameters": {},
          "variables": {},
          "resources": [
            {
              "type": "Microsoft.OperationalInsights/savedSearches",
              "apiVersion": "2020-08-01",
              "name": "Lastpass_Enterprise_Activity_Monitoring_Hunting_Query_2",
              "location": "[parameters('workspace-location')]",
              "properties": {
                "eTag": "*",
                "displayName": "Login into LastPass from a previously unknown IP.",
                "category": "Hunting Queries",
                "query": "let IPs = SigninLogs\n  | project IPAddress;\nLastPassNativePoller_CL\n| where Action_s != \"Reporting\"\n| where IP_Address_s !in (IPs)\n| summarize by IP_Address_s, Username_s, bin(todatetime(Time_s), 1d)\n| extend AccountCustomEntity = Username_s, IPCustomEntity = IP_Address_s, TimestampCustomEntity = Time_s\n",
                "version": 2,
                "tags": [
                  {
                    "name": "description",
                    "value": "This query will check how many activity there is in LastPass from IPs that are not seen before in the Sign-in Logs"
                  },
                  {
                    "name": "tactics",
                    "value": "InitialAccess"
                  },
                  {
                    "name": "techniques",
                    "value": "T1078,T1190"
                  }
                ]
              }
            },
            {
              "type": "Microsoft.OperationalInsights/workspaces/providers/metadata",
              "apiVersion": "2022-01-01-preview",
              "name": "[concat(parameters('workspace'),'/Microsoft.SecurityInsights/',concat('HuntingQuery-', last(split(variables('huntingQueryId2'),'/'))))]",
              "properties": {
                "description": "Lastpass Enterprise Activity Monitoring Hunting Query 2",
                "parentId": "[variables('huntingQueryId2')]",
                "contentId": "[variables('_huntingQuerycontentId2')]",
                "kind": "HuntingQuery",
                "version": "[variables('huntingQueryVersion2')]",
                "source": {
                  "kind": "Solution",
                  "name": "Lastpass Enterprise Activity Monitoring",
                  "sourceId": "[variables('_solutionId')]"
                },
                "author": {
                  "name": "Thijs Lecomte",
                  "email": "[variables('_email')]"
                },
                "support": {
                  "name": "The Collective Consulting",
                  "email": "support@thecollective.eu",
                  "tier": "Partner",
                  "link": "https://thecollective.eu"
                }
              }
            }
          ]
        }
      }
    },
    {
      "type": "Microsoft.Resources/templateSpecs",
      "apiVersion": "2021-05-01",
      "name": "[variables('huntingQueryTemplateSpecName3')]",
      "location": "[parameters('workspace-location')]",
      "tags": {
        "hidden-sentinelWorkspaceId": "[variables('workspaceResourceId')]",
        "hidden-sentinelContentType": "HuntingQuery"
      },
      "properties": {
        "description": "Lastpass Enterprise Activity Monitoring Hunting Query 3 with template",
        "displayName": "Lastpass Enterprise Activity Monitoring Hunting Query template"
      }
    },
    {
      "type": "Microsoft.Resources/templateSpecs/versions",
      "apiVersion": "2021-05-01",
      "name": "[concat(variables('huntingQueryTemplateSpecName3'),'/',variables('huntingQueryVersion3'))]",
      "location": "[parameters('workspace-location')]",
      "tags": {
        "hidden-sentinelWorkspaceId": "[variables('workspaceResourceId')]",
        "hidden-sentinelContentType": "HuntingQuery"
      },
      "dependsOn": [
        "[resourceId('Microsoft.Resources/templateSpecs', variables('huntingQueryTemplateSpecName3'))]"
      ],
      "properties": {
        "description": "PasswordMoveToSharedFolder_HuntingQueries Hunting Query with template version 2.0.0",
        "mainTemplate": {
          "$schema": "https://schema.management.azure.com/schemas/2019-04-01/deploymentTemplate.json#",
          "contentVersion": "[variables('huntingQueryVersion3')]",
          "parameters": {},
          "variables": {},
          "resources": [
            {
              "type": "Microsoft.OperationalInsights/savedSearches",
              "apiVersion": "2020-08-01",
              "name": "Lastpass_Enterprise_Activity_Monitoring_Hunting_Query_3",
              "location": "[parameters('workspace-location')]",
              "properties": {
                "eTag": "*",
                "displayName": "Password moved to shared folders",
                "category": "Hunting Queries",
                "query": "LastPassNativePoller_CL\n| where Action_s == \"Move to Shared Folder\"\n| extend AccountCustomEntity = Username_s, IPCustomEntity = IP_Address_s, URLCustomEntity = Data_s, TimestampCustomEntity = todatetime(Time_s)\n",
                "version": 2,
                "tags": [
                  {
                    "name": "description",
                    "value": "This query will check for data that is shared in the LastPass environment."
                  },
                  {
                    "name": "tactics",
                    "value": "Collection"
                  },
                  {
                    "name": "techniques",
                    "value": "T1039"
                  }
                ]
              }
            },
            {
              "type": "Microsoft.OperationalInsights/workspaces/providers/metadata",
              "apiVersion": "2022-01-01-preview",
              "name": "[concat(parameters('workspace'),'/Microsoft.SecurityInsights/',concat('HuntingQuery-', last(split(variables('huntingQueryId3'),'/'))))]",
              "properties": {
                "description": "Lastpass Enterprise Activity Monitoring Hunting Query 3",
                "parentId": "[variables('huntingQueryId3')]",
                "contentId": "[variables('_huntingQuerycontentId3')]",
                "kind": "HuntingQuery",
                "version": "[variables('huntingQueryVersion3')]",
                "source": {
                  "kind": "Solution",
                  "name": "Lastpass Enterprise Activity Monitoring",
                  "sourceId": "[variables('_solutionId')]"
                },
                "author": {
                  "name": "Thijs Lecomte",
                  "email": "[variables('_email')]"
                },
                "support": {
                  "name": "The Collective Consulting",
                  "email": "support@thecollective.eu",
                  "tier": "Partner",
                  "link": "https://thecollective.eu"
                }
              }
            }
          ]
        }
      }
    },
    {
      "type": "Microsoft.Resources/templateSpecs",
      "apiVersion": "2021-05-01",
      "name": "[variables('dataConnectorTemplateSpecName1')]",
      "location": "[parameters('workspace-location')]",
      "tags": {
        "hidden-sentinelWorkspaceId": "[variables('workspaceResourceId')]",
        "hidden-sentinelContentType": "DataConnector"
      },
      "properties": {
        "description": "Lastpass Enterprise Activity Monitoring data connector with template",
        "displayName": "Lastpass Enterprise Activity Monitoring template"
      }
    },
    {
      "type": "Microsoft.Resources/templateSpecs/versions",
      "apiVersion": "2021-05-01",
      "name": "[concat(variables('dataConnectorTemplateSpecName1'),'/',variables('dataConnectorVersion1'))]",
      "location": "[parameters('workspace-location')]",
      "tags": {
        "hidden-sentinelWorkspaceId": "[variables('workspaceResourceId')]",
        "hidden-sentinelContentType": "DataConnector"
      },
      "dependsOn": [
        "[resourceId('Microsoft.Resources/templateSpecs', variables('dataConnectorTemplateSpecName1'))]"
      ],
      "properties": {
        "description": "Lastpass Enterprise Activity Monitoring data connector with template version 2.0.0",
        "mainTemplate": {
          "$schema": "https://schema.management.azure.com/schemas/2019-04-01/deploymentTemplate.json#",
          "contentVersion": "[variables('dataConnectorVersion1')]",
          "parameters": {},
          "variables": {},
          "resources": [
            {
              "name": "[concat(parameters('workspace'),'/Microsoft.SecurityInsights/',variables('_dataConnectorContentId1'))]",
              "apiVersion": "2021-03-01-preview",
              "type": "Microsoft.OperationalInsights/workspaces/providers/dataConnectors",
              "location": "[parameters('workspace-location')]",
              "kind": "APIPolling",
              "properties": {
                "connectorUiConfig": {
                  "title": "LastPass Enterprise - Reporting (Polling CCP)",
                  "publisher": "The Collective Consulting BV",
                  "descriptionMarkdown": "The [LastPass Enterprise](https://www.lastpass.com/products/enterprise-password-management-and-sso) connector provides the capability to LastPass reporting (audit) logs into Azure Sentinel. The connector provides visibility into logins and activity within LastPass (such as reading and removing passwords).",
                  "graphQueriesTableName": "LastPassNativePoller_CL",
                  "graphQueries": [
                    {
                      "metricName": "Total data received",
                      "legend": "LastPass Audit Events",
                      "baseQuery": "{{graphQueriesTableName}}"
                    }
                  ],
                  "sampleQueries": [
                    {
                      "description": "Password moved to shared folders",
                      "query": "{{graphQueriesTableName}}\n | where Action_s == \"Move to Shared Folder\"\n | extend AccountCustomEntity = Username_s, IPCustomEntity = IP_Address_s, URLCustomEntity = Data_s, TimestampCustomEntity = todatetime(Time_s) "
                    }
                  ],
                  "dataTypes": [
                    {
                      "name": "{{graphQueriesTableName}}",
                      "lastDataReceivedQuery": "{{graphQueriesTableName}}\n            | summarize Time = max(TimeGenerated)\n            | where isnotempty(Time)"
                    }
                  ],
                  "connectivityCriteria": [
                    {
                      "type": "SentinelKindsV2",
                      "value": [
                        "APIPolling"
                      ]
                    }
                  ],
                  "availability": {
                    "status": 1,
                    "isPreview": false
                  },
                  "permissions": {
                    "resourceProvider": [
                      {
                        "provider": "Microsoft.OperationalInsights/workspaces",
                        "permissionsDisplayText": "read and write permissions are required.",
                        "providerDisplayName": "Workspace",
                        "scope": "Workspace",
                        "requiredPermissions": {
                          "action": true,
                          "write": true,
                          "read": true,
                          "delete": true
                        }
                      }
                    ],
                    "customs": [
                      {
                        "name": "LastPass API Key and CID",
                        "description": "A LastPass API key and CID are required. [See the documentation to learn more about LastPass API](https://support.logmeininc.com/lastpass/help/use-the-lastpass-provisioning-api-lp010068)."
                      }
                    ]
                  },
                  "instructionSteps": [
                    {
                      "description": "Provide the LastPass Provisioning API Key.",
                      "instructions": [
                        {
                          "parameters": {
                            "enable": "true",
                            "userRequestPlaceHoldersInput": [
                              {
                                "displayText": "cid",
                                "requestObjectKey": "queryParametersTemplate",
                                "placeHolderName": "{{cidPlaceHolder}}"
                              }
                            ]
                          },
                          "type": "APIKey"
                        }
                      ],
                      "title": "Connect LastPass Enterprise to Azure Sentinel"
                    }
                  ]
                },
                "pollingConfig": {
                  "auth": {
                    "authType": "APIKey",
                    "APIKeyName": "provhash",
                    "IsAPIKeyInPostPayload": true
                  },
                  "request": {
                    "apiEndpoint": "https://lastpass.com/enterpriseapi.php",
                    "rateLimitQPS": 2,
                    "httpMethod": "Post",
                    "queryTimeFormat": "yyyy-MM-ddTHH:mm:ssZ",
                    "retryCount": 3,
                    "queryWindowInMin": 10,
                    "timeoutInSeconds": 120,
                    "queryParametersTemplate": "{'cid': '{{cidPlaceHolder}}', 'apiuser': 'Microsoft Sentinel CCP', 'cmd': 'reporting', 'data': { 'from': '{_QueryWindowStartTime}', 'to': '{_QueryWindowEndTime}' }, '{_APIKeyName}': '{_APIKey}'}",
                    "isPostPayloadJson": true
                  },
                  "response": {
                    "eventsJsonPaths": [
                      "$.data"
                    ],
                    "successStatusJsonPath": "$.status",
                    "successStatusValue": "OK",
                    "convertChildPropertiesToArray": true
                  },
                  "paging": {
                    "pagingType": "NextPageToken",
                    "nextPageParaName": "next",
                    "nextPageTokenJsonPath": "$.next"
                  }
                }
              }
            },
            {
              "type": "Microsoft.OperationalInsights/workspaces/providers/metadata",
              "apiVersion": "2022-01-01-preview",
              "name": "[concat(parameters('workspace'),'/Microsoft.SecurityInsights/',concat('DataConnector-', last(split(variables('_dataConnectorId1'),'/'))))]",
              "properties": {
                "parentId": "[extensionResourceId(resourceId('Microsoft.OperationalInsights/workspaces', parameters('workspace')), 'Microsoft.SecurityInsights/dataConnectors', variables('_dataConnectorContentId1'))]",
                "contentId": "[variables('_dataConnectorContentId1')]",
                "kind": "DataConnector",
                "version": "[variables('dataConnectorVersion1')]",
                "source": {
                  "kind": "Solution",
                  "name": "Lastpass Enterprise Activity Monitoring",
                  "sourceId": "[variables('_solutionId')]"
                },
                "author": {
                  "name": "Thijs Lecomte",
                  "email": "[variables('_email')]"
                },
                "support": {
                  "name": "The Collective Consulting",
                  "email": "support@thecollective.eu",
                  "tier": "Partner",
                  "link": "https://thecollective.eu"
                }
              }
            }
          ]
        }
      }
    },
    {
      "type": "Microsoft.OperationalInsights/workspaces/providers/metadata",
      "apiVersion": "2022-01-01-preview",
      "name": "[concat(parameters('workspace'),'/Microsoft.SecurityInsights/',concat('DataConnector-', last(split(variables('_dataConnectorId1'),'/'))))]",
      "dependsOn": [
        "[variables('_dataConnectorId1')]"
      ],
      "location": "[parameters('workspace-location')]",
      "properties": {
        "parentId": "[extensionResourceId(resourceId('Microsoft.OperationalInsights/workspaces', parameters('workspace')), 'Microsoft.SecurityInsights/dataConnectors', variables('_dataConnectorContentId1'))]",
        "contentId": "[variables('_dataConnectorContentId1')]",
        "kind": "DataConnector",
        "version": "[variables('dataConnectorVersion1')]",
        "source": {
          "kind": "Solution",
          "name": "Lastpass Enterprise Activity Monitoring",
          "sourceId": "[variables('_solutionId')]"
        },
        "author": {
          "name": "Thijs Lecomte",
          "email": "[variables('_email')]"
        },
        "support": {
          "name": "The Collective Consulting",
          "email": "support@thecollective.eu",
          "tier": "Partner",
          "link": "https://thecollective.eu"
        }
      }
    },
    {
      "id": "[variables('_uiConfigId1')]",
      "name": "[concat(parameters('workspace'),'/Microsoft.SecurityInsights/',variables('_dataConnectorContentId1'))]",
      "apiVersion": "2021-03-01-preview",
      "type": "Microsoft.OperationalInsights/workspaces/providers/dataConnectors",
      "location": "[parameters('workspace-location')]",
      "kind": "APIPolling",
      "properties": {
        "connectorUiConfig": {
          "title": "LastPass Enterprise - Reporting (Polling CCP)",
          "publisher": "The Collective Consulting BV",
          "descriptionMarkdown": "The [LastPass Enterprise](https://www.lastpass.com/products/enterprise-password-management-and-sso) connector provides the capability to LastPass reporting (audit) logs into Azure Sentinel. The connector provides visibility into logins and activity within LastPass (such as reading and removing passwords).",
          "graphQueriesTableName": "LastPassNativePoller_CL",
          "graphQueries": [
            {
              "metricName": "Total data received",
              "legend": "LastPass Audit Events",
              "baseQuery": "{{graphQueriesTableName}}"
            }
          ],
          "sampleQueries": [
            {
              "description": "Password moved to shared folders",
              "query": "{{graphQueriesTableName}}\n | where Action_s == \"Move to Shared Folder\"\n | extend AccountCustomEntity = Username_s, IPCustomEntity = IP_Address_s, URLCustomEntity = Data_s, TimestampCustomEntity = todatetime(Time_s) "
            }
          ],
          "dataTypes": [
            {
              "name": "{{graphQueriesTableName}}",
              "lastDataReceivedQuery": "{{graphQueriesTableName}}\n            | summarize Time = max(TimeGenerated)\n            | where isnotempty(Time)"
            }
          ],
          "connectivityCriteria": [
            {
              "type": "SentinelKindsV2",
              "value": [
                "APIPolling"
              ]
            }
          ],
          "availability": {
            "status": 1,
            "isPreview": false
          },
          "permissions": {
            "resourceProvider": [
              {
                "provider": "Microsoft.OperationalInsights/workspaces",
                "permissionsDisplayText": "read and write permissions are required.",
                "providerDisplayName": "Workspace",
                "scope": "Workspace",
                "requiredPermissions": {
                  "action": true,
                  "write": true,
                  "read": true,
                  "delete": true
                }
              }
            ],
            "customs": [
              {
                "name": "LastPass API Key and CID",
                "description": "A LastPass API key and CID are required. [See the documentation to learn more about LastPass API](https://support.logmeininc.com/lastpass/help/use-the-lastpass-provisioning-api-lp010068)."
              }
            ]
          },
          "instructionSteps": [
            {
              "description": "Provide the LastPass Provisioning API Key.",
              "instructions": [
                {
                  "parameters": {
                    "enable": "true",
                    "userRequestPlaceHoldersInput": [
                      {
                        "displayText": "cid",
                        "requestObjectKey": "queryParametersTemplate",
                        "placeHolderName": "{{cidPlaceHolder}}"
                      }
                    ]
                  },
                  "type": "APIKey"
                }
              ],
              "title": "Connect LastPass Enterprise to Azure Sentinel"
            }
          ]
        },
        "pollingConfig": {
          "auth": {
            "authType": "APIKey",
            "APIKeyName": "provhash",
            "IsAPIKeyInPostPayload": true
          },
          "request": {
            "apiEndpoint": "https://lastpass.com/enterpriseapi.php",
            "rateLimitQPS": 2,
            "httpMethod": "Post",
            "queryTimeFormat": "yyyy-MM-ddTHH:mm:ssZ",
            "retryCount": 3,
            "queryWindowInMin": 10,
            "timeoutInSeconds": 120,
            "queryParametersTemplate": "{'cid': '{{cidPlaceHolder}}', 'apiuser': 'Microsoft Sentinel CCP', 'cmd': 'reporting', 'data': { 'from': '{_QueryWindowStartTime}', 'to': '{_QueryWindowEndTime}' }, '{_APIKeyName}': '{_APIKey}'}",
            "isPostPayloadJson": true
          },
          "response": {
            "eventsJsonPaths": [
              "$.data"
            ],
            "successStatusJsonPath": "$.status",
            "successStatusValue": "OK",
            "convertChildPropertiesToArray": true
          },
          "paging": {
            "pagingType": "NextPageToken",
            "nextPageParaName": "next",
            "nextPageTokenJsonPath": "$.next"
          }
        }
      }
    },
    {
      "name": "[concat(parameters('workspace'),'/Microsoft.SecurityInsights/',parameters('watchlist1-id'))]",
      "type": "Microsoft.OperationalInsights/workspaces/providers/Watchlists",
      "kind": "",
      "properties": {
        "displayName": "Last Pass High Sensitive Passwords",
        "source": "LastPass.csv",
        "description": "[parameters('watchlistdescription')]",
        "provider": "Custom",
        "isDeleted": false,
        "labels": [],
        "defaultDuration": "P1000Y",
        "contentType": "Text/Csv",
        "numberOfLinesToSkip": 0,
        "itemsSearchKey": "name",
        "rawContent": "name\r\nSamplevalue1\r\nsamplevalue4\r\n"
      },
      "apiVersion": "2021-03-01-preview"
    },
    {
      "type": "Microsoft.OperationalInsights/workspaces/providers/metadata",
      "apiVersion": "2022-01-01-preview",
      "location": "[parameters('workspace-location')]",
      "properties": {
        "version": "2.0.0",
        "kind": "Solution",
        "contentSchemaVersion": "2.0.0",
        "contentId": "[variables('_solutionId')]",
        "parentId": "[variables('_solutionId')]",
        "source": {
          "kind": "Solution",
          "name": "Lastpass Enterprise Activity Monitoring",
          "sourceId": "[variables('_solutionId')]"
        },
        "author": {
          "name": "Thijs Lecomte",
          "email": "[variables('_email')]"
        },
        "support": {
          "name": "The Collective Consulting",
          "email": "support@thecollective.eu",
          "tier": "Partner",
          "link": "https://thecollective.eu"
        },
        "dependencies": {
          "operator": "AND",
          "criteria": [
            {
              "kind": "Workbook",
              "contentId": "[variables('_workbookContentId1')]",
              "version": "[variables('workbookVersion1')]"
            },
            {
              "kind": "AnalyticsRule",
              "contentId": "[variables('analyticRulecontentId1')]",
              "version": "[variables('analyticRuleVersion1')]"
            },
            {
              "kind": "AnalyticsRule",
              "contentId": "[variables('analyticRulecontentId2')]",
              "version": "[variables('analyticRuleVersion2')]"
            },
            {
              "kind": "AnalyticsRule",
              "contentId": "[variables('analyticRulecontentId3')]",
              "version": "[variables('analyticRuleVersion3')]"
            },
            {
              "kind": "AnalyticsRule",
              "contentId": "[variables('analyticRulecontentId4')]",
              "version": "[variables('analyticRuleVersion4')]"
            },
            {
              "kind": "AnalyticsRule",
              "contentId": "[variables('analyticRulecontentId5')]",
              "version": "[variables('analyticRuleVersion5')]"
            },
            {
              "kind": "HuntingQuery",
              "contentId": "[variables('_huntingQuerycontentId1')]",
              "version": "[variables('huntingQueryVersion1')]"
            },
            {
              "kind": "HuntingQuery",
              "contentId": "[variables('_huntingQuerycontentId2')]",
              "version": "[variables('huntingQueryVersion2')]"
            },
            {
              "kind": "HuntingQuery",
              "contentId": "[variables('_huntingQuerycontentId3')]",
              "version": "[variables('huntingQueryVersion3')]"
            },
            {
              "kind": "DataConnector",
              "contentId": "[variables('_dataConnectorContentId1')]",
              "version": "[variables('dataConnectorVersion1')]"
            },
            {
              "kind": "Watchlist",
              "contentId": "[variables('_Last Pass High Sensitive Passwords')]",
              "version": "2.0.0"
            }
          ]
        },
        "firstPublishDate": "2022-06-01",
        "providers": [
          "LastPass"
        ],
        "categories": {
          "domains": [
            "Application"
          ]
        }
      },
      "name": "[concat(parameters('workspace'),'/Microsoft.SecurityInsights/', variables('_solutionId'))]"
    }
  ],
  "outputs": {}
}
