{
  "Name": "LastPass",
  "Author": "Thijs Lecomte - thijs.lecomte@thecollective.eu",
  "Logo": "<img src=\"https://raw.githubusercontent.com/Azure/Azure-Sentinel/master/Logos/LastPass.svg\" width=\"120px\" height=\"60px\">",
  "Description": "[LastPass Enterprise](https://www.lastpass.com/en/products/business) is a cloud password manager used by organizations to securely save and share passwords.",
  "WorkbookDescription": "Gain insights into LastPass Data",
  "Workbooks": [
	"Workbooks/LastPassWorkbook.json"
  ],
  "Analytic Rules": [
	"Analytic Rules/EmployeeAccountDeleted.yaml",
	"Analytic Rules/FailedSigninDueToMFA.yaml",
	"Analytic Rules/HighlySensitivePasswordAccessed.yaml",
	"Analytic Rules/TIMapIPEntityToLastPass.yaml",
	"Analytic Rules/UnusualVolumeOfPasswordsUpdatedOrRemoved.yaml"
  ],
  "Hunting Queries": [
	"Hunting Queries/FailedSigninsDueToMFA.yaml",
	"Hunting Queries/LoginIntoLastPassFromUnknownIP.yaml",
	"Hunting Queries/PasswordMoveToSharedFolder.yaml"
  ],
  "Data Connectors": [
    "Data Connectors/LastPassAPIConnector.json"
  ],
  "Watchlists": [
	"Watchlists/HighlySensitivePasswords.json"
  ],
  "BasePath": "https://raw.githubusercontent.com/Azure/Azure-Sentinel/master/Solutions/LastPass/",
  "Version": "1.0.3",
  "Metadata": "SolutionMetadata.json"
}
