{
  "$schema": "https://schema.management.azure.com/schemas/2019-04-01/deploymentTemplate.json#",
  "contentVersion": "1.0.0.0",
  "metadata": {
    "author": "Microsoft",
    "comments": "Solution template for Symantec VIP"
  },
  "parameters": {
    "location": {
      "type": "string",
      "minLength": 1,
      "defaultValue": "[resourceGroup().location]",
      "metadata": {
        "description": "Not used, but needed to pass arm-ttk test `Location-Should-Not-Be-Hardcoded`.  We instead use the `workspace-location` which is derived from the LA workspace"
      }
    },
    "workspace-location": {
      "type": "string",
      "defaultValue": "",
      "metadata": {
        "description": "[concat('Region to deploy solution resources -- separate from location selection',parameters('location'))]"
      }
    },
    "workspace": {
      "defaultValue": "",
      "type": "string",
      "metadata": {
        "description": "Workspace name for Log Analytics where Microsoft Sentinel is setup"
      }
    },
    "workbook1-name": {
      "type": "string",
      "defaultValue": "Symantec VIP",
      "minLength": 1,
      "metadata": {
        "description": "Name for the workbook"
      }
    }
  },
  "variables": {
    "solutionId": "azuresentinel.azure-sentinel-solution-symantecvip",
    "_solutionId": "[variables('solutionId')]",
    "workspaceResourceId": "[resourceId('microsoft.OperationalInsights/Workspaces', parameters('workspace'))]",
    "uiConfigId1": "SymantecVIP",
    "_uiConfigId1": "[variables('uiConfigId1')]",
    "dataConnectorContentId1": "SymantecVIP",
    "_dataConnectorContentId1": "[variables('dataConnectorContentId1')]",
    "dataConnectorId1": "[extensionResourceId(resourceId('Microsoft.OperationalInsights/workspaces', parameters('workspace')), 'Microsoft.SecurityInsights/dataConnectors', variables('_dataConnectorContentId1'))]",
    "_dataConnectorId1": "[variables('dataConnectorId1')]",
    "dataConnectorTemplateSpecName1": "[concat(parameters('workspace'),'-dc-',uniquestring(variables('_dataConnectorContentId1')))]",
    "dataConnectorVersion1": "1.0.0",
    "workbookVersion1": "1.0.0",
    "workbookContentId1": "SymantecVIPWorkbook",
    "workbookId1": "[resourceId('Microsoft.Insights/workbooks', variables('workbookContentId1'))]",
    "workbookTemplateSpecName1": "[concat(parameters('workspace'),'-wb-',uniquestring(variables('_workbookContentId1')))]",
    "_workbookContentId1": "[variables('workbookContentId1')]",
    "analyticRuleVersion1": "1.0.0",
    "analyticRulecontentId1": "a9956d3a-07a9-44a6-a279-081a85020cae",
    "_analyticRulecontentId1": "[variables('analyticRulecontentId1')]",
    "analyticRuleId1": "[resourceId('Microsoft.SecurityInsights/AlertRuleTemplates', variables('analyticRulecontentId1'))]",
    "analyticRuleTemplateSpecName1": "[concat(parameters('workspace'),'-ar-',uniquestring(variables('_analyticRulecontentId1')))]",
    "analyticRuleVersion2": "1.0.0",
    "analyticRulecontentId2": "c775a46b-21b1-46d7-afa6-37e3e577a27b",
    "_analyticRulecontentId2": "[variables('analyticRulecontentId2')]",
    "analyticRuleId2": "[resourceId('Microsoft.SecurityInsights/AlertRuleTemplates', variables('analyticRulecontentId2'))]",
    "analyticRuleTemplateSpecName2": "[concat(parameters('workspace'),'-ar-',uniquestring(variables('_analyticRulecontentId2')))]",
    "parserVersion1": "1.0.0",
    "parserContentId1": "SymantecVIP-Parser",
    "_parserContentId1": "[variables('parserContentId1')]",
    "parserName1": "SymantecVIP",
    "_parserName1": "[concat(parameters('workspace'),'/',variables('parserName1'))]",
    "parserId1": "[resourceId('Microsoft.OperationalInsights/workspaces/savedSearches', parameters('workspace'), variables('parserName1'))]",
    "_parserId1": "[variables('parserId1')]",
    "parserTemplateSpecName1": "[concat(parameters('workspace'),'-pr-',uniquestring(variables('_parserContentId1')))]"
  },
  "resources": [
    {
      "type": "Microsoft.Resources/templateSpecs",
      "apiVersion": "2021-05-01",
      "name": "[variables('dataConnectorTemplateSpecName1')]",
      "location": "[parameters('workspace-location')]",
      "tags": {
        "hidden-sentinelWorkspaceId": "[variables('workspaceResourceId')]",
        "hidden-sentinelContentType": "DataConnector"
      },
      "properties": {
        "description": "Symantec VIP data connector with template",
        "displayName": "Symantec VIP template"
      }
    },
    {
      "type": "Microsoft.Resources/templateSpecs/versions",
      "apiVersion": "2021-05-01",
      "name": "[concat(variables('dataConnectorTemplateSpecName1'),'/',variables('dataConnectorVersion1'))]",
      "location": "[parameters('workspace-location')]",
      "tags": {
        "hidden-sentinelWorkspaceId": "[variables('workspaceResourceId')]",
        "hidden-sentinelContentType": "DataConnector"
      },
      "dependsOn": [
        "[resourceId('Microsoft.Resources/templateSpecs', variables('dataConnectorTemplateSpecName1'))]"
      ],
      "properties": {
        "description": "Symantec VIP data connector with template version 2.0.0",
        "mainTemplate": {
          "$schema": "https://schema.management.azure.com/schemas/2019-04-01/deploymentTemplate.json#",
          "contentVersion": "[variables('dataConnectorVersion1')]",
          "parameters": {},
          "variables": {},
          "resources": [
            {
              "name": "[concat(parameters('workspace'),'/Microsoft.SecurityInsights/',variables('_dataConnectorContentId1'))]",
              "apiVersion": "2021-03-01-preview",
              "type": "Microsoft.OperationalInsights/workspaces/providers/dataConnectors",
              "location": "[parameters('workspace-location')]",
              "kind": "GenericUI",
              "properties": {
                "connectorUiConfig": {
                  "id": "[variables('_uiConfigId1')]",
                  "title": "Symantec VIP",
                  "publisher": "Symantec",
                  "descriptionMarkdown": "The [Symantec VIP](https://vip.symantec.com/) connector allows you to easily connect your Symantec VIP logs with Microsoft Sentinel, to view dashboards, create custom alerts, and improve investigation. This gives you more insight into your organization's network and improves your security operation capabilities.",
                  "additionalRequirementBanner": "These queries and workbooks are dependent on a parser based on a Kusto Function to work as expected. Follow the steps to use this Kusto functions alias **SymantecVIP** in queries and workbooks. [Follow these steps to get this Kusto functions.](https://aka.ms/sentinelgithubparserssymantecvip)",
                  "graphQueries": [
                    {
                      "metricName": "Total data received",
                      "legend": "SymantecVIP",
                      "baseQuery": "SymantecVIP"
                    }
                  ],
                  "sampleQueries": [
                    {
                      "description": "Top 10 Reasons for Failed RADIUS Authentication ",
                      "query": "SymantecVIP \n | summarize count() by Reason \n| top 10 by count_"
                    },
                    {
                      "description": "Top 10 Users",
                      "query": "SymantecVIP \n | summarize count() by User \n| top 10 by count_"
                    }
                  ],
                  "dataTypes": [
                    {
                      "name": "Syslog (SymantecVIP)",
                      "lastDataReceivedQuery": "SymantecVIP \n            | summarize Time = max(TimeGenerated)\n            | where isnotempty(Time)"
                    }
                  ],
                  "connectivityCriterias": [
                    {
                      "type": "IsConnectedQuery",
                      "value": [
                        "SymantecVIP \n      | where TimeGenerated > ago(3d)\n    |take 1\n   | project IsConnected = true"
                      ]
                    }
                  ],
                  "availability": {
                    "status": 1,
                    "isPreview": false
                  },
                  "permissions": {
                    "resourceProvider": [
                      {
                        "provider": "Microsoft.OperationalInsights/workspaces",
                        "permissionsDisplayText": "write permission is required.",
                        "providerDisplayName": "Workspace",
                        "scope": "Workspace",
                        "requiredPermissions": {
                          "write": true,
                          "delete": true
                        }
                      }
                    ],
                    "customs": [
                      {
                        "name": "Symantec VIP",
                        "description": "must be configured to export logs via Syslog"
                      }
                    ]
                  },
                  "instructionSteps": [
                    {
                      "description": ">This data connector depends on a parser based on a Kusto Function to work as expected. [Follow the steps](https://aka.ms/sentinelgithubparserssymantecvip) to use the Kusto function alias, **SymantecVIP**"
                    },
                    {
                      "description": "Typically, you should install the agent on a different computer from the one on which the logs are generated.\n\n>  Syslog logs are collected only from **Linux** agents.",
                      "instructions": [
                        {
                          "parameters": {
                            "title": "Choose where to install the agent:",
                            "instructionSteps": [
                              {
                                "title": "Install agent on Azure Linux Virtual Machine",
                                "description": "Select the machine to install the agent on and then click **Connect**.",
                                "instructions": [
                                  {
                                    "parameters": {
                                      "linkType": "InstallAgentOnLinuxVirtualMachine"
                                    },
                                    "type": "InstallAgent"
                                  }
                                ]
                              },
                              {
                                "title": "Install agent on a non-Azure Linux Machine",
                                "description": "Download the agent on the relevant machine and follow the instructions.",
                                "instructions": [
                                  {
                                    "parameters": {
                                      "linkType": "InstallAgentOnLinuxNonAzure"
                                    },
                                    "type": "InstallAgent"
                                  }
                                ]
                              }
                            ]
                          },
                          "type": "InstructionStepsGroup"
                        }
                      ],
                      "title": "1. Install and onboard the agent for Linux"
                    },
                    {
                      "description": "Configure the facilities you want to collect and their severities.\n 1. Under workspace advanced settings **Configuration**, select **Data** and then **Syslog**.\n 2. Select **Apply below configuration to my machines** and select the facilities and severities.\n 3.  Click **Save**.",
                      "instructions": [
                        {
                          "parameters": {
                            "linkType": "OpenSyslogSettings"
                          },
                          "type": "InstallAgent"
                        }
                      ],
                      "title": "2. Configure the logs to be collected"
                    },
                    {
                      "description": "[Follow these instructions](https://help.symantec.com/cs/VIP_EG_INSTALL_CONFIG/VIP/v134652108_v128483142/Configuring-syslog) to configure the Symantec VIP Enterprise Gateway to forward syslog. Use the IP address or hostname for the Linux device with the Linux agent installed as the Destination IP address.",
                      "title": "3. Configure and connect the Symantec VIP"
                    }
                  ]
                }
              }
            },
            {
              "type": "Microsoft.OperationalInsights/workspaces/providers/metadata",
              "apiVersion": "2022-01-01-preview",
              "name": "[concat(parameters('workspace'),'/Microsoft.SecurityInsights/',concat('DataConnector-', last(split(variables('_dataConnectorId1'),'/'))))]",
              "properties": {
                "parentId": "[extensionResourceId(resourceId('Microsoft.OperationalInsights/workspaces', parameters('workspace')), 'Microsoft.SecurityInsights/dataConnectors', variables('_dataConnectorContentId1'))]",
                "contentId": "[variables('_dataConnectorContentId1')]",
                "kind": "DataConnector",
                "version": "[variables('dataConnectorVersion1')]",
                "source": {
                  "kind": "Solution",
                  "name": "Symantec VIP",
                  "sourceId": "[variables('_solutionId')]"
                },
                "author": {
                  "name": "Microsoft"
                },
                "support": {
                  "name": "Microsoft Corporation",
                  "email": "support@microsoft.com",
                  "tier": "Microsoft",
                  "link": "https://support.microsoft.com"
                }
              }
            }
          ]
        }
      }
    },
    {
      "type": "Microsoft.OperationalInsights/workspaces/providers/metadata",
      "apiVersion": "2022-01-01-preview",
      "name": "[concat(parameters('workspace'),'/Microsoft.SecurityInsights/',concat('DataConnector-', last(split(variables('_dataConnectorId1'),'/'))))]",
      "dependsOn": [
        "[variables('_dataConnectorId1')]"
      ],
      "properties": {
        "parentId": "[extensionResourceId(resourceId('Microsoft.OperationalInsights/workspaces', parameters('workspace')), 'Microsoft.SecurityInsights/dataConnectors', variables('_dataConnectorContentId1'))]",
        "contentId": "[variables('_dataConnectorContentId1')]",
        "kind": "DataConnector",
        "version": "[variables('dataConnectorVersion1')]",
        "source": {
          "kind": "Solution",
          "name": "Symantec VIP",
          "sourceId": "[variables('_solutionId')]"
        },
        "author": {
          "name": "Microsoft"
        },
        "support": {
          "name": "Microsoft Corporation",
          "email": "support@microsoft.com",
          "tier": "Microsoft",
          "link": "https://support.microsoft.com"
        }
      }
    },
    {
      "name": "[concat(parameters('workspace'),'/Microsoft.SecurityInsights/',variables('_dataConnectorContentId1'))]",
      "apiVersion": "2021-03-01-preview",
      "type": "Microsoft.OperationalInsights/workspaces/providers/dataConnectors",
      "location": "[parameters('workspace-location')]",
      "kind": "GenericUI",
      "properties": {
        "connectorUiConfig": {
          "title": "Symantec VIP",
          "publisher": "Symantec",
          "descriptionMarkdown": "The [Symantec VIP](https://vip.symantec.com/) connector allows you to easily connect your Symantec VIP logs with Microsoft Sentinel, to view dashboards, create custom alerts, and improve investigation. This gives you more insight into your organization's network and improves your security operation capabilities.",
          "graphQueries": [
            {
              "metricName": "Total data received",
              "legend": "SymantecVIP",
              "baseQuery": "SymantecVIP"
            }
          ],
          "dataTypes": [
            {
              "name": "Syslog (SymantecVIP)",
              "lastDataReceivedQuery": "SymantecVIP \n            | summarize Time = max(TimeGenerated)\n            | where isnotempty(Time)"
            }
          ],
          "connectivityCriterias": [
            {
              "type": "IsConnectedQuery",
              "value": [
                "SymantecVIP \n      | where TimeGenerated > ago(3d)\n    |take 1\n   | project IsConnected = true"
              ]
            }
          ],
          "sampleQueries": [
            {
              "description": "Top 10 Reasons for Failed RADIUS Authentication ",
              "query": "SymantecVIP \n | summarize count() by Reason \n| top 10 by count_"
            },
            {
              "description": "Top 10 Users",
              "query": "SymantecVIP \n | summarize count() by User \n| top 10 by count_"
            }
          ],
          "availability": {
            "status": 1,
            "isPreview": false
          },
          "permissions": {
            "resourceProvider": [
              {
                "provider": "Microsoft.OperationalInsights/workspaces",
                "permissionsDisplayText": "write permission is required.",
                "providerDisplayName": "Workspace",
                "scope": "Workspace",
                "requiredPermissions": {
                  "write": true,
                  "delete": true
                }
              }
            ],
            "customs": [
              {
                "name": "Symantec VIP",
                "description": "must be configured to export logs via Syslog"
              }
            ]
          },
          "instructionSteps": [
            {
              "description": ">This data connector depends on a parser based on a Kusto Function to work as expected. [Follow the steps](https://aka.ms/sentinelgithubparserssymantecvip) to use the Kusto function alias, **SymantecVIP**"
            },
            {
              "description": "Typically, you should install the agent on a different computer from the one on which the logs are generated.\n\n>  Syslog logs are collected only from **Linux** agents.",
              "instructions": [
                {
                  "parameters": {
                    "title": "Choose where to install the agent:",
                    "instructionSteps": [
                      {
                        "title": "Install agent on Azure Linux Virtual Machine",
                        "description": "Select the machine to install the agent on and then click **Connect**.",
                        "instructions": [
                          {
                            "parameters": {
                              "linkType": "InstallAgentOnLinuxVirtualMachine"
                            },
                            "type": "InstallAgent"
                          }
                        ]
                      },
                      {
                        "title": "Install agent on a non-Azure Linux Machine",
                        "description": "Download the agent on the relevant machine and follow the instructions.",
                        "instructions": [
                          {
                            "parameters": {
                              "linkType": "InstallAgentOnLinuxNonAzure"
                            },
                            "type": "InstallAgent"
                          }
                        ]
                      }
                    ]
                  },
                  "type": "InstructionStepsGroup"
                }
              ],
              "title": "1. Install and onboard the agent for Linux"
            },
            {
              "description": "Configure the facilities you want to collect and their severities.\n 1. Under workspace advanced settings **Configuration**, select **Data** and then **Syslog**.\n 2. Select **Apply below configuration to my machines** and select the facilities and severities.\n 3.  Click **Save**.",
              "instructions": [
                {
                  "parameters": {
                    "linkType": "OpenSyslogSettings"
                  },
                  "type": "InstallAgent"
                }
              ],
              "title": "2. Configure the logs to be collected"
            },
            {
              "description": "[Follow these instructions](https://help.symantec.com/cs/VIP_EG_INSTALL_CONFIG/VIP/v134652108_v128483142/Configuring-syslog) to configure the Symantec VIP Enterprise Gateway to forward syslog. Use the IP address or hostname for the Linux device with the Linux agent installed as the Destination IP address.",
              "title": "3. Configure and connect the Symantec VIP"
            }
          ],
          "id": "[variables('_uiConfigId1')]",
          "additionalRequirementBanner": "These queries and workbooks are dependent on a parser based on a Kusto Function to work as expected. Follow the steps to use this Kusto functions alias **SymantecVIP** in queries and workbooks. [Follow these steps to get this Kusto functions.](https://aka.ms/sentinelgithubparserssymantecvip)"
        }
      }
    },
    {
      "type": "Microsoft.Resources/templateSpecs",
      "apiVersion": "2021-05-01",
      "name": "[variables('workbookTemplateSpecName1')]",
      "location": "[parameters('workspace-location')]",
      "tags": {
        "hidden-sentinelWorkspaceId": "[variables('workspaceResourceId')]",
        "hidden-sentinelContentType": "Workbook"
      },
      "properties": {
        "description": "Symantec VIP Workbook with template",
        "displayName": "Symantec VIP workbook template"
      }
    },
    {
      "type": "Microsoft.Resources/templateSpecs/versions",
      "apiVersion": "2021-05-01",
      "name": "[concat(variables('workbookTemplateSpecName1'),'/',variables('workbookVersion1'))]",
      "location": "[parameters('workspace-location')]",
      "tags": {
        "hidden-sentinelWorkspaceId": "[variables('workspaceResourceId')]",
        "hidden-sentinelContentType": "Workbook"
      },
      "dependsOn": [
        "[resourceId('Microsoft.Resources/templateSpecs', variables('workbookTemplateSpecName1'))]"
      ],
      "properties": {
        "description": "SymantecVIPWorkbook Workbook with template version 2.0.0",
        "mainTemplate": {
          "$schema": "https://schema.management.azure.com/schemas/2019-04-01/deploymentTemplate.json#",
          "contentVersion": "[variables('workbookVersion1')]",
          "parameters": {},
          "variables": {},
          "resources": [
            {
              "type": "Microsoft.Insights/workbooks",
              "name": "[variables('workbookContentId1')]",
              "location": "[parameters('workspace-location')]",
              "kind": "shared",
              "apiVersion": "2021-08-01",
              "metadata": {
                "description": "Gain insight into Symantec VIP by analyzing, collecting and correlating strong authentication data.\nThis workbook provides visibility into user authentications"
              },
              "properties": {
                "displayName": "[parameters('workbook1-name')]",
                "serializedData": "{\"version\":\"Notebook/1.0\",\"items\":[{\"type\":9,\"content\":{\"version\":\"KqlParameterItem/1.0\",\"parameters\":[{\"id\":\"1115aea6-5b33-4d1d-9f17-46452a39691f\",\"version\":\"KqlParameterItem/1.0\",\"name\":\"TimeRange\",\"label\":\"Time Range\",\"type\":4,\"value\":{\"durationMs\":604800000},\"typeSettings\":{\"selectableValues\":[{\"durationMs\":300000},{\"durationMs\":900000},{\"durationMs\":1800000},{\"durationMs\":3600000},{\"durationMs\":14400000},{\"durationMs\":43200000},{\"durationMs\":86400000},{\"durationMs\":172800000},{\"durationMs\":259200000},{\"durationMs\":604800000},{\"durationMs\":1209600000},{\"durationMs\":2419200000},{\"durationMs\":2592000000},{\"durationMs\":5184000000},{\"durationMs\":7776000000}],\"allowCustom\":true},\"resourceType\":\"microsoft.insights/components\"},{\"id\":\"7c8ba908-ba63-4e20-a4fd-d1cbf5555d4e\",\"version\":\"KqlParameterItem/1.0\",\"name\":\"VPNDevice\",\"label\":\"VPN Device\",\"type\":2,\"isRequired\":true,\"multiSelect\":true,\"quote\":\"'\",\"delimiter\":\",\",\"query\":\"SymantecVIP\\r\\n| distinct Computer\\r\\n| sort by Computer asc\",\"value\":[\"value::all\"],\"typeSettings\":{\"additionalResourceOptions\":[\"value::all\"]},\"timeContext\":{\"durationMs\":0},\"timeContextFromParameter\":\"TimeRange\",\"queryType\":0,\"resourceType\":\"microsoft.operationalinsights/workspaces\"}],\"style\":\"above\",\"queryType\":0,\"resourceType\":\"microsoft.operationalinsights/workspaces\"},\"name\":\"parameters - 3\"},{\"type\":11,\"content\":{\"version\":\"LinkItem/1.0\",\"style\":\"tabs\",\"links\":[{\"cellValue\":\"selectedTab\",\"linkTarget\":\"parameter\",\"linkLabel\":\"General\",\"subTarget\":\"General\",\"style\":\"link\"},{\"cellValue\":\"selectedTab\",\"linkTarget\":\"parameter\",\"linkLabel\":\"User Analysis\",\"subTarget\":\"UserAnalysis\",\"style\":\"link\"}]},\"name\":\"links - 12\"},{\"type\":3,\"content\":{\"version\":\"KqlItem/1.0\",\"query\":\"SymantecVIP\\r\\n| where Computer in ({VPNDevice}) or '*' in ({VPNDevice})\\r\\n| summarize GRANTED = countif(AccessResult == \\\"GRANTED\\\"), DENIED = countif(AccessResult == \\\"DENIED\\\"), count() by bin(TimeGenerated, {TimeRange:grain})\\r\\n| project-away count_\",\"size\":0,\"title\":\"User Access Events\",\"timeContext\":{\"durationMs\":0},\"timeContextFromParameter\":\"TimeRange\",\"queryType\":0,\"resourceType\":\"microsoft.operationalinsights/workspaces\",\"visualization\":\"barchart\",\"chartSettings\":{\"seriesLabelSettings\":[{\"seriesName\":\"GRANTED\",\"color\":\"green\"},{\"seriesName\":\"DENIED\",\"color\":\"red\"}]}},\"conditionalVisibility\":{\"parameterName\":\"selectedTab\",\"comparison\":\"isEqualTo\",\"value\":\"General\"},\"customWidth\":\"50\",\"name\":\"query - 2\"},{\"type\":3,\"content\":{\"version\":\"KqlItem/1.0\",\"query\":\"SymantecVIP\\r\\n| where Computer in ({VPNDevice}) or '*' in ({VPNDevice})\\r\\n| summarize count() by Computer, bin(TimeGenerated, {TimeRange:grain})\",\"size\":0,\"title\":\"Total VPN Device Events\",\"timeContext\":{\"durationMs\":0},\"timeContextFromParameter\":\"TimeRange\",\"queryType\":0,\"resourceType\":\"microsoft.operationalinsights/workspaces\",\"visualization\":\"areachart\",\"chartSettings\":{\"seriesLabelSettings\":[{\"seriesName\":\"GRANTED\",\"color\":\"green\"},{\"seriesName\":\"DENIED\",\"color\":\"red\"}]}},\"conditionalVisibility\":{\"parameterName\":\"selectedTab\",\"comparison\":\"isEqualTo\",\"value\":\"General\"},\"customWidth\":\"50\",\"name\":\"query - 2 - Copy\"},{\"type\":3,\"content\":{\"version\":\"KqlItem/1.0\",\"query\":\"SymantecVIP\\r\\n| where Computer in ({VPNDevice}) or '*' in ({VPNDevice})\\r\\n| where AccessResult == \\\"DENIED\\\"\\r\\n| summarize count() by Reason\",\"size\":0,\"title\":\"Top Denied Access Reasons\",\"timeContext\":{\"durationMs\":0},\"timeContextFromParameter\":\"TimeRange\",\"queryType\":0,\"resourceType\":\"microsoft.operationalinsights/workspaces\",\"visualization\":\"piechart\"},\"conditionalVisibility\":{\"parameterName\":\"selectedTab\",\"comparison\":\"isEqualTo\",\"value\":\"General\"},\"customWidth\":\"50\",\"name\":\"query - 2\"},{\"type\":3,\"content\":{\"version\":\"KqlItem/1.0\",\"query\":\"SymantecVIP\\r\\n| where Computer in ({VPNDevice}) or '*' in ({VPNDevice})\\r\\n| where isnotempty(RADIUSAuth)\\r\\n| summarize Total = count() by User, Results = RADIUSAuth, Reason\\r\\n| sort by Total desc\",\"size\":0,\"title\":\"Top 10 Users Rejected RADIUS Authentication\",\"timeContext\":{\"durationMs\":0},\"timeContextFromParameter\":\"TimeRange\",\"queryType\":0,\"resourceType\":\"microsoft.operationalinsights/workspaces\",\"gridSettings\":{\"formatters\":[{\"columnMatch\":\"Total\",\"formatter\":3,\"formatOptions\":{\"palette\":\"coldHot\"}}]}},\"conditionalVisibility\":{\"parameterName\":\"selectedTab\",\"comparison\":\"isEqualTo\",\"value\":\"General\"},\"customWidth\":\"50\",\"name\":\"query - 2 - Copy\"},{\"type\":3,\"content\":{\"version\":\"KqlItem/1.0\",\"query\":\"SymantecVIP\\r\\n| where Computer in ({VPNDevice}) or '*' in ({VPNDevice})\\r\\n| where AccessResult == \\\"DENIED\\\"\\r\\n| summarize Total = count() by ClientIP\\r\\n| top 10 by Total\\r\\n\",\"size\":0,\"title\":\"Top Denied Client IP Addresses\",\"timeContext\":{\"durationMs\":0},\"timeContextFromParameter\":\"TimeRange\",\"queryType\":0,\"resourceType\":\"microsoft.operationalinsights/workspaces\"},\"conditionalVisibility\":{\"parameterName\":\"selectedTab\",\"comparison\":\"isEqualTo\",\"value\":\"General\"},\"customWidth\":\"50\",\"name\":\"query - 2 - Copy\"},{\"type\":3,\"content\":{\"version\":\"KqlItem/1.0\",\"query\":\"SymantecVIP\\r\\n| where Computer in ({VPNDevice}) or '*' in ({VPNDevice})\\r\\n| summarize count() by Component\",\"size\":0,\"title\":\"Access Method\",\"timeContext\":{\"durationMs\":0},\"timeContextFromParameter\":\"TimeRange\",\"queryType\":0,\"resourceType\":\"microsoft.operationalinsights/workspaces\",\"visualization\":\"piechart\"},\"conditionalVisibility\":{\"parameterName\":\"selectedTab\",\"comparison\":\"isEqualTo\",\"value\":\"General\"},\"customWidth\":\"50\",\"name\":\"query - 4\"},{\"type\":9,\"content\":{\"version\":\"KqlParameterItem/1.0\",\"parameters\":[{\"id\":\"f764e22c-c942-4277-9b5d-7cd0c8b5a308\",\"version\":\"KqlParameterItem/1.0\",\"name\":\"UserList\",\"label\":\"Select User(s)\",\"type\":2,\"isRequired\":true,\"multiSelect\":true,\"quote\":\"'\",\"delimiter\":\",\",\"query\":\"SymantecVIP \\r\\n| extend Username = iif(User has \\\"\\\\\\\\\\\", extract(@\\\"[a-zA-Z]+\\\\\\\\(\\\\S+)$\\\",1,User), User)\\r\\n| distinct tolower(Username)\",\"typeSettings\":{\"additionalResourceOptions\":[\"value::all\"]},\"timeContext\":{\"durationMs\":0},\"timeContextFromParameter\":\"TimeRange\",\"queryType\":0,\"resourceType\":\"microsoft.operationalinsights/workspaces\"}],\"style\":\"formVertical\",\"queryType\":0,\"resourceType\":\"microsoft.operationalinsights/workspaces\"},\"conditionalVisibility\":{\"parameterName\":\"selectedTab\",\"comparison\":\"isEqualTo\",\"value\":\"UserAnalysis\"},\"name\":\"parameters - 6\"},{\"type\":3,\"content\":{\"version\":\"KqlItem/1.0\",\"query\":\"SymantecVIP\\r\\n| extend Username = tolower(iif(User has \\\"\\\\\\\\\\\", extract(@\\\"[a-zA-Z]+\\\\\\\\(\\\\S+)$\\\",1,User), User))\\r\\n| where Username in ({UserList}) or '*' in ({UserList})\\r\\n| summarize count() by User, bin(TimeGenerated, {TimeRange:grain})\",\"size\":1,\"timeContext\":{\"durationMs\":0},\"timeContextFromParameter\":\"TimeRange\",\"queryType\":0,\"resourceType\":\"microsoft.operationalinsights/workspaces\",\"visualization\":\"barchart\"},\"conditionalVisibility\":{\"parameterName\":\"selectedTab\",\"comparison\":\"isEqualTo\",\"value\":\"UserAnalysis\"},\"name\":\"query - 10\"},{\"type\":3,\"content\":{\"version\":\"KqlItem/1.0\",\"query\":\"SymantecVIP\\r\\n| extend Username = tolower(iif(User has \\\"\\\\\\\\\\\", extract(@\\\"[a-zA-Z]+\\\\\\\\(\\\\S+)$\\\",1,User), User))\\r\\n| where Username in ({UserList}) or '*' in ({UserList})\\r\\n| project LogTime, User, Message\\r\\n| sort by LogTime, User asc\",\"size\":0,\"title\":\"User Activity\",\"timeContext\":{\"durationMs\":0},\"timeContextFromParameter\":\"TimeRange\",\"queryType\":0,\"resourceType\":\"microsoft.operationalinsights/workspaces\"},\"conditionalVisibility\":{\"parameterName\":\"selectedTab\",\"comparison\":\"isEqualTo\",\"value\":\"UserAnalysis\"},\"customWidth\":\"50\",\"name\":\"query - 5\"},{\"type\":3,\"content\":{\"version\":\"KqlItem/1.0\",\"query\":\"SymantecVIP\\r\\n| extend Username = tolower(iif(User has \\\"\\\\\\\\\\\", extract(@\\\"[a-zA-Z]+\\\\\\\\(\\\\S+)$\\\",1,User), User))\\r\\n| where Username in ({UserList}) or '*' in ({UserList})\\r\\n| summarize count() by Component\",\"size\":0,\"title\":\"User Access Method\",\"timeContext\":{\"durationMs\":0},\"timeContextFromParameter\":\"TimeRange\",\"queryType\":0,\"resourceType\":\"microsoft.operationalinsights/workspaces\",\"visualization\":\"piechart\"},\"conditionalVisibility\":{\"parameterName\":\"selectedTab\",\"comparison\":\"isEqualTo\",\"value\":\"UserAnalysis\"},\"customWidth\":\"50\",\"name\":\"query - 4 - Copy\"}],\"fromTemplateId\":\"sentinel-UserWorkbook\",\"$schema\":\"https://github.com/Microsoft/Application-Insights-Workbooks/blob/master/schema/workbook.json\"}\r\n",
                "version": "1.0",
                "sourceId": "[variables('workspaceResourceId')]",
                "category": "sentinel"
              }
            },
            {
              "type": "Microsoft.OperationalInsights/workspaces/providers/metadata",
              "apiVersion": "2022-01-01-preview",
              "name": "[concat(parameters('workspace'),'/Microsoft.SecurityInsights/',concat('Workbook-', last(split(variables('workbookId1'),'/'))))]",
              "properties": {
                "description": "@{workbookKey=SymantecVIPWorkbook; logoFileName=symantec_logo.svg; description=Gain insight into Symantec VIP by analyzing, collecting and correlating strong authentication data.\nThis workbook provides visibility into user authentications; dataTypesDependencies=System.Object[]; dataConnectorsDependencies=System.Object[]; previewImagesFileNames=System.Object[]; version=1.0.0; title=Symantec VIP; templateRelativePath=SymantecVIP.json; subtitle=; provider=Symantec}.description",
                "parentId": "[variables('workbookId1')]",
                "contentId": "[variables('_workbookContentId1')]",
                "kind": "Workbook",
                "version": "[variables('workbookVersion1')]",
                "source": {
                  "kind": "Solution",
                  "name": "Symantec VIP",
                  "sourceId": "[variables('_solutionId')]"
                },
                "author": {
                  "name": "Microsoft"
                },
                "support": {
                  "name": "Microsoft Corporation",
                  "email": "support@microsoft.com",
                  "tier": "Microsoft",
                  "link": "https://support.microsoft.com"
                },
                "dependencies": {
                  "operator": "AND",
                  "criteria": [
                    {
                      "contentId": "Syslog",
                      "kind": "DataType"
                    },
                    {
                      "contentId": "SymantecVIP",
                      "kind": "DataConnector"
                    }
                  ]
                }
              }
            }
          ]
        }
      }
    },
    {
      "type": "Microsoft.Resources/templateSpecs",
      "apiVersion": "2021-05-01",
      "name": "[variables('analyticRuleTemplateSpecName1')]",
      "location": "[parameters('workspace-location')]",
      "tags": {
        "hidden-sentinelWorkspaceId": "[variables('workspaceResourceId')]",
        "hidden-sentinelContentType": "AnalyticsRule"
      },
      "properties": {
        "description": "Symantec VIP Analytics Rule 1 with template",
        "displayName": "Symantec VIP Analytics Rule template"
      }
    },
    {
      "type": "Microsoft.Resources/templateSpecs/versions",
      "apiVersion": "2021-05-01",
      "name": "[concat(variables('analyticRuleTemplateSpecName1'),'/',variables('analyticRuleVersion1'))]",
      "location": "[parameters('workspace-location')]",
      "tags": {
        "hidden-sentinelWorkspaceId": "[variables('workspaceResourceId')]",
        "hidden-sentinelContentType": "AnalyticsRule"
      },
      "dependsOn": [
        "[resourceId('Microsoft.Resources/templateSpecs', variables('analyticRuleTemplateSpecName1'))]"
      ],
      "properties": {
        "description": "ClientDeniedAccess_AnalyticalRules Analytics Rule with template version 2.0.0",
        "mainTemplate": {
          "$schema": "https://schema.management.azure.com/schemas/2019-04-01/deploymentTemplate.json#",
          "contentVersion": "[variables('analyticRuleVersion1')]",
          "parameters": {},
          "variables": {},
          "resources": [
            {
              "type": "Microsoft.SecurityInsights/AlertRuleTemplates",
              "name": "[variables('AnalyticRulecontentId1')]",
              "apiVersion": "2022-04-01-preview",
              "kind": "Scheduled",
              "location": "[parameters('workspace-location')]",
              "properties": {
                "description": "Creates an incident in the event a Client has an excessive amounts of denied access requests.",
                "displayName": "ClientDeniedAccess",
                "enabled": false,
                "query": "\nlet threshold = 15;\nlet rejectedAccess = SymantecVIP\n| where isnotempty(RADIUSAuth)\n| where RADIUSAuth =~ \"Reject\"\n| summarize Total = count() by ClientIP, bin(TimeGenerated, 15m)\n| where Total > threshold\n| project ClientIP;\nSymantecVIP\n| where isnotempty(RADIUSAuth)\n| where RADIUSAuth =~ \"Reject\"\n| join kind=inner rejectedAccess on ClientIP\n| summarize StartTime = min(TimeGenerated), EndTime = max(TimeGenerated), count() by ClientIP, User\n| extend timestamp = StartTime, IPCustomEntity = ClientIP, AccountCustomEntity = User\n",
                "queryFrequency": "PT1H",
                "queryPeriod": "PT1H",
                "severity": "Medium",
                "suppressionDuration": "PT1H",
                "suppressionEnabled": false,
                "triggerOperator": "GreaterThan",
                "triggerThreshold": 0,
                "status": "Available",
                "requiredDataConnectors": [
                  {
                    "connectorId": "SymantecVIP",
                    "dataTypes": [
                      "Syslog"
                    ]
                  }
                ],
                "tactics": [
                  "CredentialAccess"
                ],
                "entityMappings": [
                  {
                    "fieldMappings": [
                      {
                        "columnName": "AccountCustomEntity",
                        "identifier": "FullName"
                      }
                    ],
                    "entityType": "Account"
                  },
                  {
                    "fieldMappings": [
                      {
                        "columnName": "IPCustomEntity",
                        "identifier": "Address"
                      }
                    ],
                    "entityType": "IP"
                  }
                ]
              }
            },
            {
              "type": "Microsoft.OperationalInsights/workspaces/providers/metadata",
              "apiVersion": "2022-01-01-preview",
              "name": "[concat(parameters('workspace'),'/Microsoft.SecurityInsights/',concat('AnalyticsRule-', last(split(variables('analyticRuleId1'),'/'))))]",
              "properties": {
                "description": "Symantec VIP Analytics Rule 1",
                "parentId": "[variables('analyticRuleId1')]",
                "contentId": "[variables('_analyticRulecontentId1')]",
                "kind": "AnalyticsRule",
                "version": "[variables('analyticRuleVersion1')]",
                "source": {
                  "kind": "Solution",
                  "name": "Symantec VIP",
                  "sourceId": "[variables('_solutionId')]"
                },
                "author": {
                  "name": "Microsoft"
                },
                "support": {
                  "name": "Microsoft Corporation",
                  "email": "support@microsoft.com",
                  "tier": "Microsoft",
                  "link": "https://support.microsoft.com"
                }
              }
            }
          ]
        }
      }
    },
    {
      "type": "Microsoft.Resources/templateSpecs",
      "apiVersion": "2021-05-01",
      "name": "[variables('analyticRuleTemplateSpecName2')]",
      "location": "[parameters('workspace-location')]",
      "tags": {
        "hidden-sentinelWorkspaceId": "[variables('workspaceResourceId')]",
        "hidden-sentinelContentType": "AnalyticsRule"
      },
      "properties": {
        "description": "Symantec VIP Analytics Rule 2 with template",
        "displayName": "Symantec VIP Analytics Rule template"
      }
    },
    {
      "type": "Microsoft.Resources/templateSpecs/versions",
      "apiVersion": "2021-05-01",
      "name": "[concat(variables('analyticRuleTemplateSpecName2'),'/',variables('analyticRuleVersion2'))]",
      "location": "[parameters('workspace-location')]",
      "tags": {
        "hidden-sentinelWorkspaceId": "[variables('workspaceResourceId')]",
        "hidden-sentinelContentType": "AnalyticsRule"
      },
      "dependsOn": [
        "[resourceId('Microsoft.Resources/templateSpecs', variables('analyticRuleTemplateSpecName2'))]"
      ],
      "properties": {
        "description": "ExcessiveFailedAuthenticationsfromInvalidInputs_AnalyticalRules Analytics Rule with template version 2.0.0",
        "mainTemplate": {
          "$schema": "https://schema.management.azure.com/schemas/2019-04-01/deploymentTemplate.json#",
          "contentVersion": "[variables('analyticRuleVersion2')]",
          "parameters": {},
          "variables": {},
          "resources": [
            {
              "type": "Microsoft.SecurityInsights/AlertRuleTemplates",
              "name": "[variables('AnalyticRulecontentId2')]",
              "apiVersion": "2022-04-01-preview",
              "kind": "Scheduled",
              "location": "[parameters('workspace-location')]",
              "properties": {
                "description": "Creates an incident in the event that a user generates an excessive amount of failed authentications due to invalid inputs, indications of a potential brute force.",
                "displayName": "Excessive Failed Authentication from Invalid Inputs",
                "enabled": false,
                "query": "\nlet threshold = 15;\nSymantecVIP\n| where isnotempty(RADIUSAuth)\n| where RADIUSAuth =~ \"Reject\"\n| summarize Total = count() by bin(TimeGenerated, 15m), User, ClientIP\n| where Total > threshold\n| extend timestamp = TimeGenerated, IPCustomEntity = ClientIP, AccountCustomEntity = User\n",
                "queryFrequency": "PT1H",
                "queryPeriod": "PT1H",
                "severity": "Medium",
                "suppressionDuration": "PT1H",
                "suppressionEnabled": false,
                "triggerOperator": "GreaterThan",
                "triggerThreshold": 0,
                "status": "Available",
                "requiredDataConnectors": [
                  {
                    "connectorId": "SymantecVIP",
                    "dataTypes": [
                      "Syslog"
                    ]
                  }
                ],
                "tactics": [
                  "CredentialAccess"
                ],
                "entityMappings": [
                  {
                    "fieldMappings": [
                      {
                        "columnName": "AccountCustomEntity",
                        "identifier": "FullName"
                      }
                    ],
                    "entityType": "Account"
                  },
                  {
                    "fieldMappings": [
                      {
                        "columnName": "IPCustomEntity",
                        "identifier": "Address"
                      }
                    ],
                    "entityType": "IP"
                  }
                ]
              }
            },
            {
              "type": "Microsoft.OperationalInsights/workspaces/providers/metadata",
              "apiVersion": "2022-01-01-preview",
              "name": "[concat(parameters('workspace'),'/Microsoft.SecurityInsights/',concat('AnalyticsRule-', last(split(variables('analyticRuleId2'),'/'))))]",
              "properties": {
                "description": "Symantec VIP Analytics Rule 2",
                "parentId": "[variables('analyticRuleId2')]",
                "contentId": "[variables('_analyticRulecontentId2')]",
                "kind": "AnalyticsRule",
                "version": "[variables('analyticRuleVersion2')]",
                "source": {
                  "kind": "Solution",
                  "name": "Symantec VIP",
                  "sourceId": "[variables('_solutionId')]"
                },
                "author": {
                  "name": "Microsoft"
                },
                "support": {
                  "name": "Microsoft Corporation",
                  "email": "support@microsoft.com",
                  "tier": "Microsoft",
                  "link": "https://support.microsoft.com"
                }
              }
            }
          ]
        }
      }
    },
    {
      "type": "Microsoft.Resources/templateSpecs",
      "apiVersion": "2021-05-01",
      "name": "[variables('parserTemplateSpecName1')]",
      "location": "[parameters('workspace-location')]",
      "tags": {
        "hidden-sentinelWorkspaceId": "[variables('workspaceResourceId')]",
        "hidden-sentinelContentType": "Parser"
      },
      "properties": {
        "description": "SymantecVIP Data Parser with template",
        "displayName": "SymantecVIP Data Parser template"
      }
    },
    {
      "type": "Microsoft.Resources/templateSpecs/versions",
      "apiVersion": "2021-05-01",
      "name": "[concat(variables('parserTemplateSpecName1'),'/',variables('parserVersion1'))]",
      "location": "[parameters('workspace-location')]",
      "tags": {
        "hidden-sentinelWorkspaceId": "[variables('workspaceResourceId')]",
        "hidden-sentinelContentType": "Parser"
      },
      "dependsOn": [
        "[resourceId('Microsoft.Resources/templateSpecs', variables('parserTemplateSpecName1'))]"
      ],
      "properties": {
        "description": "SymantecVIP Data Parser with template version 2.0.0",
        "mainTemplate": {
          "$schema": "https://schema.management.azure.com/schemas/2019-04-01/deploymentTemplate.json#",
          "contentVersion": "[variables('parserVersion1')]",
          "parameters": {},
          "variables": {},
          "resources": [
            {
              "name": "[variables('_parserName1')]",
              "apiVersion": "2020-08-01",
              "type": "Microsoft.OperationalInsights/workspaces/savedSearches",
              "location": "[parameters('workspace-location')]",
              "properties": {
                "eTag": "*",
                "displayName": "SymantecVIP",
                "category": "Samples",
                "functionAlias": "SymantecVIP",
                "query": "\nSyslog \r\n| where Computer in (\"datasource\") and Facility == \"local5\"\r\n| extend parser = extract_all(@'^([A-Z]+)\\s\\\"([0-9\\.\\-\\s\\:GMT]+)\\\"\\s(\\S+)\\s([\\w]+)\\:(\\d+)\\s(\\d+)\\s(\\d+)\\s(\\d+)\\s\\\"text\\=([\\S\\s]+)\\\"\\sThread-(\\d+)\\s(.*)',dynamic([1,2,3,4,5,6,7,8,9,10,11]), SyslogMessage)\r\n| mv-expand todynamic(parser)\r\n| extend \r\n    LogLevel = tostring(parser[0]),\r\n    LogTime = todatetime(parser[1]),\r\n    ClientIP = tostring(parser[2]),\r\n    Component = tostring(parser[3]),\r\n    TransactionID = tostring(parser[5]),\r\n    SessionID= tostring(parser[7]),\r\n    ErrorCode = tostring(parser[6]),\r\n    RawMessage = split(tostring(parser[8]),\",\"),\r\n    ThreadID = tostring(parser[9]),\r\n    SourceClassName = tostring(parser[10])\r\n| extend Message = extract(@\"([\\w\\s\\-\\_\\[\\]\\\\]+)\\.\",1,tostring(RawMessage[0]))\r\n| extend User = extract(@\"(for\\s)?(U|u)ser\\s\\[(\\S+)\\]\",3,tostring(RawMessage[0]))\r\n| extend Reason = extract(@'reason=(\\d+)+\\s([\\w\\s]+)',2,tostring(RawMessage[1]))\r\n| extend TokenID = extract(@'tokenid=([A-Z0-9]+)',1,tostring(RawMessage[1]))\r\n| extend AccessResult = extract(@\"Access\\s(GRANTED|DENIED)\",1,tostring(RawMessage[0]))\r\n| extend AuthResult = extract(@\"Authentication\\s(\\S+)\\s\",1,tostring(RawMessage[0]))\r\n| extend StatusMessage = extract(@'StatusMessage:\\s(0x0:\\s)?([\\w\\s]+)[&.\"]',2,tostring(RawMessage[1]))\r\n| extend RADIUSAuth = extract(@'Acces-(\\S+)\\s',1,tostring(RawMessage[0]))\r\n| extend StatusCode = extract(@'StatusCode\\:\\s(\\d+)',1,tostring(RawMessage[0]))\r\n| project-away parser\r\n",
                "version": 1,
                "tags": [
                  {
                    "name": "description",
                    "value": "SymantecVIP"
                  }
                ]
              }
            },
            {
              "type": "Microsoft.OperationalInsights/workspaces/providers/metadata",
              "apiVersion": "2022-01-01-preview",
              "name": "[concat(parameters('workspace'),'/Microsoft.SecurityInsights/',concat('Parser-', last(split(variables('_parserId1'),'/'))))]",
              "dependsOn": [
                "[variables('_parserName1')]"
              ],
              "properties": {
                "parentId": "[resourceId('Microsoft.OperationalInsights/workspaces/savedSearches', parameters('workspace'), variables('parserName1'))]",
                "contentId": "[variables('_parserContentId1')]",
                "kind": "Parser",
                "version": "[variables('parserVersion1')]",
                "source": {
                  "name": "Symantec VIP",
                  "kind": "Solution",
                  "sourceId": "[variables('_solutionId')]"
                },
                "author": {
                  "name": "Microsoft"
                },
                "support": {
                  "name": "Microsoft Corporation",
                  "email": "support@microsoft.com",
                  "tier": "Microsoft",
                  "link": "https://support.microsoft.com"
                }
              }
            }
          ]
        }
      }
    },
    {
      "type": "Microsoft.OperationalInsights/workspaces/savedSearches",
      "apiVersion": "2021-06-01",
      "name": "[variables('_parserName1')]",
      "properties": {
        "eTag": "*",
        "displayName": "SymantecVIP",
        "category": "Samples",
        "functionAlias": "SymantecVIP",
        "query": "\nSyslog \r\n| where Computer in (\"datasource\") and Facility == \"local5\"\r\n| extend parser = extract_all(@'^([A-Z]+)\\s\\\"([0-9\\.\\-\\s\\:GMT]+)\\\"\\s(\\S+)\\s([\\w]+)\\:(\\d+)\\s(\\d+)\\s(\\d+)\\s(\\d+)\\s\\\"text\\=([\\S\\s]+)\\\"\\sThread-(\\d+)\\s(.*)',dynamic([1,2,3,4,5,6,7,8,9,10,11]), SyslogMessage)\r\n| mv-expand todynamic(parser)\r\n| extend \r\n    LogLevel = tostring(parser[0]),\r\n    LogTime = todatetime(parser[1]),\r\n    ClientIP = tostring(parser[2]),\r\n    Component = tostring(parser[3]),\r\n    TransactionID = tostring(parser[5]),\r\n    SessionID= tostring(parser[7]),\r\n    ErrorCode = tostring(parser[6]),\r\n    RawMessage = split(tostring(parser[8]),\",\"),\r\n    ThreadID = tostring(parser[9]),\r\n    SourceClassName = tostring(parser[10])\r\n| extend Message = extract(@\"([\\w\\s\\-\\_\\[\\]\\\\]+)\\.\",1,tostring(RawMessage[0]))\r\n| extend User = extract(@\"(for\\s)?(U|u)ser\\s\\[(\\S+)\\]\",3,tostring(RawMessage[0]))\r\n| extend Reason = extract(@'reason=(\\d+)+\\s([\\w\\s]+)',2,tostring(RawMessage[1]))\r\n| extend TokenID = extract(@'tokenid=([A-Z0-9]+)',1,tostring(RawMessage[1]))\r\n| extend AccessResult = extract(@\"Access\\s(GRANTED|DENIED)\",1,tostring(RawMessage[0]))\r\n| extend AuthResult = extract(@\"Authentication\\s(\\S+)\\s\",1,tostring(RawMessage[0]))\r\n| extend StatusMessage = extract(@'StatusMessage:\\s(0x0:\\s)?([\\w\\s]+)[&.\"]',2,tostring(RawMessage[1]))\r\n| extend RADIUSAuth = extract(@'Acces-(\\S+)\\s',1,tostring(RawMessage[0]))\r\n| extend StatusCode = extract(@'StatusCode\\:\\s(\\d+)',1,tostring(RawMessage[0]))\r\n| project-away parser\r\n",
        "version": 1
      }
    },
    {
      "type": "Microsoft.OperationalInsights/workspaces/providers/metadata",
      "apiVersion": "2022-01-01-preview",
      "name": "[concat(parameters('workspace'),'/Microsoft.SecurityInsights/',concat('Parser-', last(split(variables('_parserId1'),'/'))))]",
      "dependsOn": [
        "[variables('_parserId1')]"
      ],
      "properties": {
        "parentId": "[resourceId('Microsoft.OperationalInsights/workspaces/savedSearches', parameters('workspace'), variables('parserName1'))]",
        "contentId": "[variables('_parserContentId1')]",
        "kind": "Parser",
        "version": "[variables('parserVersion1')]",
        "source": {
          "kind": "Solution",
          "name": "Symantec VIP",
          "sourceId": "[variables('_solutionId')]"
        },
        "author": {
          "name": "Microsoft"
        },
        "support": {
          "name": "Microsoft Corporation",
          "email": "support@microsoft.com",
          "tier": "Microsoft",
          "link": "https://support.microsoft.com"
        }
      }
    },
    {
      "type": "Microsoft.OperationalInsights/workspaces/providers/metadata",
      "apiVersion": "2022-01-01-preview",
      "properties": {
        "version": "2.0.0",
        "kind": "Solution",
        "contentSchemaVersion": "2.0.0",
        "contentId": "[variables('_solutionId')]",
        "parentId": "[variables('_solutionId')]",
        "source": {
          "kind": "Solution",
          "name": "Symantec VIP",
          "sourceId": "[variables('_solutionId')]"
        },
        "author": {
          "name": "Microsoft"
        },
        "support": {
          "name": "Microsoft Corporation",
          "email": "support@microsoft.com",
          "tier": "Microsoft",
          "link": "https://support.microsoft.com"
        },
        "dependencies": {
          "operator": "AND",
          "criteria": [
            {
              "kind": "DataConnector",
              "contentId": "[variables('_dataConnectorContentId1')]",
              "version": "[variables('dataConnectorVersion1')]"
            },
            {
              "kind": "Workbook",
              "contentId": "[variables('_workbookContentId1')]",
              "version": "[variables('workbookVersion1')]"
            },
            {
              "kind": "AnalyticsRule",
              "contentId": "[variables('analyticRulecontentId1')]",
              "version": "[variables('analyticRuleVersion1')]"
            },
            {
              "kind": "AnalyticsRule",
              "contentId": "[variables('analyticRulecontentId2')]",
              "version": "[variables('analyticRuleVersion2')]"
            },
            {
              "kind": "Parser",
              "contentId": "[variables('_parserContentId1')]",
              "version": "[variables('parserVersion1')]"
            }
          ]
        },
        "firstPublishDate": "2022-05-16",
        "providers": [
          "Symantec"
        ],
        "categories": {
          "domains": [
            "Security - Network"
          ]
        }
      },
      "name": "[concat(parameters('workspace'),'/Microsoft.SecurityInsights/', variables('_solutionId'))]"
    }
  ],
  "outputs": {}
}
