{
  "$schema": "https://schema.management.azure.com/schemas/2019-04-01/deploymentTemplate.json#",
  "contentVersion": "1.0.0.0",
  "metadata": {
    "author": "Microsoft - support@microsoft.com",
    "comments": "Solution template for Pulse Connect Secure"
  },
  "parameters": {
    "location": {
      "type": "string",
      "minLength": 1,
      "defaultValue": "[resourceGroup().location]",
      "metadata": {
        "description": "Not used, but needed to pass arm-ttk test `Location-Should-Not-Be-Hardcoded`.  We instead use the `workspace-location` which is derived from the LA workspace"
      }
    },
    "workspace-location": {
      "type": "string",
      "defaultValue": "",
      "metadata": {
        "description": "[concat('Region to deploy solution resources -- separate from location selection',parameters('location'))]"
      }
    },
    "workspace": {
      "defaultValue": "",
      "type": "string",
      "metadata": {
        "description": "Workspace name for Log Analytics where Microsoft Sentinel is setup"
      }
    },
    "workbook1-name": {
      "type": "string",
      "defaultValue": "Pulse Connect Secure",
      "minLength": 1,
      "metadata": {
        "description": "Name for the workbook"
      }
    }
  },
  "variables": {
    "solutionId": "azuresentinel.azure-sentinel-solution-pulseconnectsecure",
    "_solutionId": "[variables('solutionId')]",
    "email": "support@microsoft.com",
    "_email": "[variables('email')]",
    "workspaceResourceId": "[resourceId('microsoft.OperationalInsights/Workspaces', parameters('workspace'))]",
    "uiConfigId1": "PulseConnectSecure",
    "_uiConfigId1": "[variables('uiConfigId1')]",
    "dataConnectorContentId1": "PulseConnectSecure",
    "_dataConnectorContentId1": "[variables('dataConnectorContentId1')]",
    "dataConnectorId1": "[extensionResourceId(resourceId('Microsoft.OperationalInsights/workspaces', parameters('workspace')), 'Microsoft.SecurityInsights/dataConnectors', variables('_dataConnectorContentId1'))]",
    "_dataConnectorId1": "[variables('dataConnectorId1')]",
    "dataConnectorTemplateSpecName1": "[concat(parameters('workspace'),'-dc-',uniquestring(variables('_dataConnectorContentId1')))]",
    "dataConnectorVersion1": "1.0.0",
    "parserVersion1": "1.0.0",
    "parserContentId1": "PulseConnectSecure-Parser",
    "_parserContentId1": "[variables('parserContentId1')]",
    "parserName1": "PulseConnectSecure",
    "_parserName1": "[concat(parameters('workspace'),'/',variables('parserName1'))]",
    "parserId1": "[resourceId('Microsoft.OperationalInsights/workspaces/savedSearches', parameters('workspace'), variables('parserName1'))]",
    "_parserId1": "[variables('parserId1')]",
    "parserTemplateSpecName1": "[concat(parameters('workspace'),'-pr-',uniquestring(variables('_parserContentId1')))]",
    "workbookVersion1": "1.0.0",
    "workbookContentId1": "PulseConnectSecureWorkbook",
    "workbookId1": "[resourceId('Microsoft.Insights/workbooks', variables('workbookContentId1'))]",
    "workbookTemplateSpecName1": "[concat(parameters('workspace'),'-wb-',uniquestring(variables('_workbookContentId1')))]",
    "_workbookContentId1": "[variables('workbookContentId1')]",
    "analyticRuleVersion1": "1.0.0",
    "analyticRulecontentId1": "34663177-8abf-4db1-b0a4-5683ab273f44",
    "_analyticRulecontentId1": "[variables('analyticRulecontentId1')]",
    "analyticRuleId1": "[resourceId('Microsoft.SecurityInsights/AlertRuleTemplates', variables('analyticRulecontentId1'))]",
    "analyticRuleTemplateSpecName1": "[concat(parameters('workspace'),'-ar-',uniquestring(variables('_analyticRulecontentId1')))]",
    "analyticRuleVersion2": "1.0.0",
    "analyticRulecontentId2": "1fa1528e-f746-4794-8a41-14827f4cb798",
    "_analyticRulecontentId2": "[variables('analyticRulecontentId2')]",
    "analyticRuleId2": "[resourceId('Microsoft.SecurityInsights/AlertRuleTemplates', variables('analyticRulecontentId2'))]",
    "analyticRuleTemplateSpecName2": "[concat(parameters('workspace'),'-ar-',uniquestring(variables('_analyticRulecontentId2')))]"
  },
  "resources": [
    {
      "type": "Microsoft.Resources/templateSpecs",
      "apiVersion": "2021-05-01",
      "name": "[variables('dataConnectorTemplateSpecName1')]",
      "location": "[parameters('workspace-location')]",
      "tags": {
        "hidden-sentinelWorkspaceId": "[variables('workspaceResourceId')]",
        "hidden-sentinelContentType": "DataConnector"
      },
      "properties": {
        "description": "Pulse Connect Secure data connector with template",
        "displayName": "Pulse Connect Secure template"
      }
    },
    {
      "type": "Microsoft.Resources/templateSpecs/versions",
      "apiVersion": "2021-05-01",
      "name": "[concat(variables('dataConnectorTemplateSpecName1'),'/',variables('dataConnectorVersion1'))]",
      "location": "[parameters('workspace-location')]",
      "tags": {
        "hidden-sentinelWorkspaceId": "[variables('workspaceResourceId')]",
        "hidden-sentinelContentType": "DataConnector"
      },
      "dependsOn": [
        "[resourceId('Microsoft.Resources/templateSpecs', variables('dataConnectorTemplateSpecName1'))]"
      ],
      "properties": {
        "description": "Pulse Connect Secure data connector with template version 2.0.0",
        "mainTemplate": {
          "$schema": "https://schema.management.azure.com/schemas/2019-04-01/deploymentTemplate.json#",
          "contentVersion": "[variables('dataConnectorVersion1')]",
          "parameters": {},
          "variables": {},
          "resources": [
            {
              "name": "[concat(parameters('workspace'),'/Microsoft.SecurityInsights/',variables('_dataConnectorContentId1'))]",
              "apiVersion": "2021-03-01-preview",
              "type": "Microsoft.OperationalInsights/workspaces/providers/dataConnectors",
              "location": "[parameters('workspace-location')]",
              "kind": "GenericUI",
              "properties": {
                "connectorUiConfig": {
                  "id": "[variables('_uiConfigId1')]",
                  "title": "Pulse Connect Secure",
                  "publisher": "Pulse Secure",
                  "descriptionMarkdown": "The [Pulse Connect Secure](https://www.pulsesecure.net/products/pulse-connect-secure/) connector allows you to easily connect your Pulse Connect Secure logs with Azure Sentinel, to view dashboards, create custom alerts, and improve investigations. Integrating Pulse Connect Secure with Azure Sentinel provides more insight into your organization's network and improves your security operation capabilities.",
                  "additionalRequirementBanner": "These queries and workbooks are dependent on a parser based on a Kusto Function to work as expected. Follow the steps to use this Kusto functions alias **PulseConnectSecure** in queries and workbooks. [Follow these steps to get this Kusto functions.](https://aka.ms/sentinelgithubparserspulsesecurevpn)",
                  "graphQueries": [
                    {
                      "metricName": "Total data received",
                      "legend": "PulseConnectSecure",
                      "baseQuery": "PulseConnectSecure"
                    }
                  ],
                  "sampleQueries": [
                    {
                      "description": "Top 10 Failed Logins by User",
                      "query": "PulseConnectSecure \n | where vpn_message startswith 'Login failed'\n | summarize count() by vpn_user \n | top 10 by count_ "
                    },
                    {
                      "description": "Top 10 Failed Logins by IP Address",
                      "query": "PulseConnectSecure \n | where vpn_message startswith 'Login failed'\n | summarize count() by client_ip \n | top 10 by count_  "
                    }
                  ],
                  "dataTypes": [
                    {
                      "name": "Syslog (PulseConnectSecure)",
                      "lastDataReceivedQuery": "PulseConnectSecure\n            | summarize Time = max(TimeGenerated)\n            | where isnotempty(Time)"
                    }
                  ],
                  "connectivityCriterias": [
                    {
                      "type": "IsConnectedQuery",
                      "value": [
                        "PulseConnectSecure\n            | where TimeGenerated > ago(3d)\n    |take 1\n   | project IsConnected = true"
                      ]
                    }
                  ],
                  "availability": {
                    "status": 1,
                    "isPreview": false
                  },
                  "permissions": {
                    "resourceProvider": [
                      {
                        "provider": "Microsoft.OperationalInsights/workspaces",
                        "permissionsDisplayText": "write permission is required.",
                        "providerDisplayName": "Workspace",
                        "scope": "Workspace",
                        "requiredPermissions": {
                          "write": true,
                          "delete": true
                        }
                      }
                    ],
                    "customs": [
                      {
                        "name": "Pulse Connect Secure",
                        "description": "must be configured to export logs via Syslog"
                      }
                    ]
                  },
                  "instructionSteps": [
                    {
                      "description": ">This data connector depends on a parser based on a Kusto Function to work as expected. [Follow the steps](https://aka.ms/sentinelgithubparserspulsesecurevpn) to use this Kusto functions alias, **PulseConnectSecure**"
                    },
                    {
                      "description": "Typically, you should install the agent on a different computer from the one on which the logs are generated.\n\n>  Syslog logs are collected only from **Linux** agents.",
                      "instructions": [
                        {
                          "parameters": {
                            "title": "Choose where to install the agent:",
                            "instructionSteps": [
                              {
                                "title": "Install agent on Azure Linux Virtual Machine",
                                "description": "Select the machine to install the agent on and then click **Connect**.",
                                "instructions": [
                                  {
                                    "parameters": {
                                      "linkType": "InstallAgentOnLinuxVirtualMachine"
                                    },
                                    "type": "InstallAgent"
                                  }
                                ]
                              },
                              {
                                "title": "Install agent on a non-Azure Linux Machine",
                                "description": "Download the agent on the relevant machine and follow the instructions.",
                                "instructions": [
                                  {
                                    "parameters": {
                                      "linkType": "InstallAgentOnLinuxNonAzure"
                                    },
                                    "type": "InstallAgent"
                                  }
                                ]
                              }
                            ]
                          },
                          "type": "InstructionStepsGroup"
                        }
                      ],
                      "title": "1. Install and onboard the agent for Linux"
                    },
                    {
                      "description": "Configure the facilities you want to collect and their severities.\n 1. Under workspace advanced settings **Configuration**, select **Data** and then **Syslog**.\n 2. Select **Apply below configuration to my machines** and select the facilities and severities.\n 3.  Click **Save**.",
                      "instructions": [
                        {
                          "parameters": {
                            "linkType": "OpenSyslogSettings"
                          },
                          "type": "InstallAgent"
                        }
                      ],
                      "title": "2. Configure the logs to be collected"
                    },
                    {
                      "description": "[Follow the instructions](https://docs.pulsesecure.net/WebHelp/Content/PCS/PCS_AdminGuide_8.2/Configuring Syslog.htm) to enable syslog streaming of Pulse Connect Secure logs. Use the IP address or hostname for the Linux device with the Linux agent installed as the Destination IP address.",
                      "title": "3. Configure and connect the Pulse Connect Secure"
                    }
                  ]
                }
              }
            },
            {
              "type": "Microsoft.OperationalInsights/workspaces/providers/metadata",
              "apiVersion": "2022-01-01-preview",
              "name": "[concat(parameters('workspace'),'/Microsoft.SecurityInsights/',concat('DataConnector-', last(split(variables('_dataConnectorId1'),'/'))))]",
              "properties": {
                "parentId": "[extensionResourceId(resourceId('Microsoft.OperationalInsights/workspaces', parameters('workspace')), 'Microsoft.SecurityInsights/dataConnectors', variables('_dataConnectorContentId1'))]",
                "contentId": "[variables('_dataConnectorContentId1')]",
                "kind": "DataConnector",
                "version": "[variables('dataConnectorVersion1')]",
                "source": {
                  "kind": "Solution",
                  "name": "Pulse Connect Secure",
                  "sourceId": "[variables('_solutionId')]"
                },
                "author": {
                  "name": "Microsoft",
                  "email": "[variables('_email')]"
                },
                "support": {
                  "name": "Microsoft Corporation",
                  "email": "support@microsoft.com",
                  "tier": "Microsoft",
                  "link": "https://support.microsoft.com"
                }
              }
            }
          ]
        }
      }
    },
    {
      "type": "Microsoft.OperationalInsights/workspaces/providers/metadata",
      "apiVersion": "2022-01-01-preview",
      "name": "[concat(parameters('workspace'),'/Microsoft.SecurityInsights/',concat('DataConnector-', last(split(variables('_dataConnectorId1'),'/'))))]",
      "dependsOn": [
        "[variables('_dataConnectorId1')]"
      ],
      "location": "[parameters('workspace-location')]",
      "properties": {
        "parentId": "[extensionResourceId(resourceId('Microsoft.OperationalInsights/workspaces', parameters('workspace')), 'Microsoft.SecurityInsights/dataConnectors', variables('_dataConnectorContentId1'))]",
        "contentId": "[variables('_dataConnectorContentId1')]",
        "kind": "DataConnector",
        "version": "[variables('dataConnectorVersion1')]",
        "source": {
          "kind": "Solution",
          "name": "Pulse Connect Secure",
          "sourceId": "[variables('_solutionId')]"
        },
        "author": {
          "name": "Microsoft",
          "email": "[variables('_email')]"
        },
        "support": {
          "name": "Microsoft Corporation",
          "email": "support@microsoft.com",
          "tier": "Microsoft",
          "link": "https://support.microsoft.com"
        }
      }
    },
    {
      "name": "[concat(parameters('workspace'),'/Microsoft.SecurityInsights/',variables('_dataConnectorContentId1'))]",
      "apiVersion": "2021-03-01-preview",
      "type": "Microsoft.OperationalInsights/workspaces/providers/dataConnectors",
      "location": "[parameters('workspace-location')]",
      "kind": "GenericUI",
      "properties": {
        "connectorUiConfig": {
          "title": "Pulse Connect Secure",
          "publisher": "Pulse Secure",
          "descriptionMarkdown": "The [Pulse Connect Secure](https://www.pulsesecure.net/products/pulse-connect-secure/) connector allows you to easily connect your Pulse Connect Secure logs with Azure Sentinel, to view dashboards, create custom alerts, and improve investigations. Integrating Pulse Connect Secure with Azure Sentinel provides more insight into your organization's network and improves your security operation capabilities.",
          "graphQueries": [
            {
              "metricName": "Total data received",
              "legend": "PulseConnectSecure",
              "baseQuery": "PulseConnectSecure"
            }
          ],
          "dataTypes": [
            {
              "name": "Syslog (PulseConnectSecure)",
              "lastDataReceivedQuery": "PulseConnectSecure\n            | summarize Time = max(TimeGenerated)\n            | where isnotempty(Time)"
            }
          ],
          "connectivityCriterias": [
            {
              "type": "IsConnectedQuery",
              "value": [
                "PulseConnectSecure\n            | where TimeGenerated > ago(3d)\n    |take 1\n   | project IsConnected = true"
              ]
            }
          ],
          "sampleQueries": [
            {
              "description": "Top 10 Failed Logins by User",
              "query": "PulseConnectSecure \n | where vpn_message startswith 'Login failed'\n | summarize count() by vpn_user \n | top 10 by count_ "
            },
            {
              "description": "Top 10 Failed Logins by IP Address",
              "query": "PulseConnectSecure \n | where vpn_message startswith 'Login failed'\n | summarize count() by client_ip \n | top 10 by count_  "
            }
          ],
          "availability": {
            "status": 1,
            "isPreview": false
          },
          "permissions": {
            "resourceProvider": [
              {
                "provider": "Microsoft.OperationalInsights/workspaces",
                "permissionsDisplayText": "write permission is required.",
                "providerDisplayName": "Workspace",
                "scope": "Workspace",
                "requiredPermissions": {
                  "write": true,
                  "delete": true
                }
              }
            ],
            "customs": [
              {
                "name": "Pulse Connect Secure",
                "description": "must be configured to export logs via Syslog"
              }
            ]
          },
          "instructionSteps": [
            {
              "description": ">This data connector depends on a parser based on a Kusto Function to work as expected. [Follow the steps](https://aka.ms/sentinelgithubparserspulsesecurevpn) to use this Kusto functions alias, **PulseConnectSecure**"
            },
            {
              "description": "Typically, you should install the agent on a different computer from the one on which the logs are generated.\n\n>  Syslog logs are collected only from **Linux** agents.",
              "instructions": [
                {
                  "parameters": {
                    "title": "Choose where to install the agent:",
                    "instructionSteps": [
                      {
                        "title": "Install agent on Azure Linux Virtual Machine",
                        "description": "Select the machine to install the agent on and then click **Connect**.",
                        "instructions": [
                          {
                            "parameters": {
                              "linkType": "InstallAgentOnLinuxVirtualMachine"
                            },
                            "type": "InstallAgent"
                          }
                        ]
                      },
                      {
                        "title": "Install agent on a non-Azure Linux Machine",
                        "description": "Download the agent on the relevant machine and follow the instructions.",
                        "instructions": [
                          {
                            "parameters": {
                              "linkType": "InstallAgentOnLinuxNonAzure"
                            },
                            "type": "InstallAgent"
                          }
                        ]
                      }
                    ]
                  },
                  "type": "InstructionStepsGroup"
                }
              ],
              "title": "1. Install and onboard the agent for Linux"
            },
            {
              "description": "Configure the facilities you want to collect and their severities.\n 1. Under workspace advanced settings **Configuration**, select **Data** and then **Syslog**.\n 2. Select **Apply below configuration to my machines** and select the facilities and severities.\n 3.  Click **Save**.",
              "instructions": [
                {
                  "parameters": {
                    "linkType": "OpenSyslogSettings"
                  },
                  "type": "InstallAgent"
                }
              ],
              "title": "2. Configure the logs to be collected"
            },
            {
              "description": "[Follow the instructions](https://docs.pulsesecure.net/WebHelp/Content/PCS/PCS_AdminGuide_8.2/Configuring Syslog.htm) to enable syslog streaming of Pulse Connect Secure logs. Use the IP address or hostname for the Linux device with the Linux agent installed as the Destination IP address.",
              "title": "3. Configure and connect the Pulse Connect Secure"
            }
          ],
          "id": "[variables('_uiConfigId1')]",
          "additionalRequirementBanner": "These queries and workbooks are dependent on a parser based on a Kusto Function to work as expected. Follow the steps to use this Kusto functions alias **PulseConnectSecure** in queries and workbooks. [Follow these steps to get this Kusto functions.](https://aka.ms/sentinelgithubparserspulsesecurevpn)"
        }
      }
    },
    {
      "type": "Microsoft.Resources/templateSpecs",
      "apiVersion": "2021-05-01",
      "name": "[variables('parserTemplateSpecName1')]",
      "location": "[parameters('workspace-location')]",
      "tags": {
        "hidden-sentinelWorkspaceId": "[variables('workspaceResourceId')]",
        "hidden-sentinelContentType": "Parser"
      },
      "properties": {
        "description": "PulseConnectSecure Data Parser with template",
        "displayName": "PulseConnectSecure Data Parser template"
      }
    },
    {
      "type": "Microsoft.Resources/templateSpecs/versions",
      "apiVersion": "2021-05-01",
      "name": "[concat(variables('parserTemplateSpecName1'),'/',variables('parserVersion1'))]",
      "location": "[parameters('workspace-location')]",
      "tags": {
        "hidden-sentinelWorkspaceId": "[variables('workspaceResourceId')]",
        "hidden-sentinelContentType": "Parser"
      },
      "dependsOn": [
        "[resourceId('Microsoft.Resources/templateSpecs', variables('parserTemplateSpecName1'))]"
      ],
      "properties": {
        "description": "PulseConnectSecure Data Parser with template version 2.0.0",
        "mainTemplate": {
          "$schema": "https://schema.management.azure.com/schemas/2019-04-01/deploymentTemplate.json#",
          "contentVersion": "[variables('parserVersion1')]",
          "parameters": {},
          "variables": {},
          "resources": [
            {
              "name": "[variables('_parserName1')]",
              "apiVersion": "2020-08-01",
              "type": "Microsoft.OperationalInsights/workspaces/savedSearches",
              "location": "[parameters('workspace-location')]",
              "properties": {
                "eTag": "*",
                "displayName": "PulseConnectSecure",
                "category": "Samples",
                "functionAlias": "PulseConnectSecure",
                "query": "\nSyslog\r\n| where Computer in (\"datasource\") and Facility == \"local7\"\r\n| extend Parser = extract_all(@'^(\\d{4}\\-\\d{2}-\\d{2})\\s(\\d{2}\\:\\d{2}:\\d{2})\\s(\\S+)\\s(\\S+)\\s(\\S+)\\s\\[(\\S+)\\]\\s(.*)\\((.*)?\\)\\[(.*)\\]\\s\\-\\s(.*)',dynamic([1,2,3,4,5,6,7,8,9,10]),SyslogMessage)\r\n| mv-expand Parser\r\n| extend LogTime = todatetime(strcat(tostring(Parser[0]),'T',tostring(Parser[1]))), \r\n    Node = tostring(Parser[3]), \r\n    Source_IP = tostring(Parser[5]), \r\n    User = tostring(Parser[6]), \r\n    Realm = tostring(Parser[7]), \r\n    EventID = tostring(Parser[8]), \r\n    Messages = tostring(Parser[9])\r\n| project-away Parser\r\n\r\n",
                "version": 1,
                "tags": [
                  {
                    "name": "description",
                    "value": "PulseConnectSecure"
                  }
                ]
              }
            },
            {
              "type": "Microsoft.OperationalInsights/workspaces/providers/metadata",
              "apiVersion": "2022-01-01-preview",
              "name": "[concat(parameters('workspace'),'/Microsoft.SecurityInsights/',concat('Parser-', last(split(variables('_parserId1'),'/'))))]",
              "dependsOn": [
                "[variables('_parserName1')]"
              ],
              "properties": {
                "parentId": "[resourceId('Microsoft.OperationalInsights/workspaces/savedSearches', parameters('workspace'), variables('parserName1'))]",
                "contentId": "[variables('_parserContentId1')]",
                "kind": "Parser",
                "version": "[variables('parserVersion1')]",
                "source": {
                  "name": "Pulse Connect Secure",
                  "kind": "Solution",
                  "sourceId": "[variables('_solutionId')]"
                },
                "author": {
                  "name": "Microsoft",
                  "email": "[variables('_email')]"
                },
                "support": {
                  "name": "Microsoft Corporation",
                  "email": "support@microsoft.com",
                  "tier": "Microsoft",
                  "link": "https://support.microsoft.com"
                }
              }
            }
          ]
        }
      }
    },
    {
      "type": "Microsoft.OperationalInsights/workspaces/savedSearches",
      "apiVersion": "2021-06-01",
      "name": "[variables('_parserName1')]",
      "location": "[parameters('workspace-location')]",
      "properties": {
        "eTag": "*",
        "displayName": "PulseConnectSecure",
        "category": "Samples",
        "functionAlias": "PulseConnectSecure",
        "query": "\nSyslog\r\n| where Computer in (\"datasource\") and Facility == \"local7\"\r\n| extend Parser = extract_all(@'^(\\d{4}\\-\\d{2}-\\d{2})\\s(\\d{2}\\:\\d{2}:\\d{2})\\s(\\S+)\\s(\\S+)\\s(\\S+)\\s\\[(\\S+)\\]\\s(.*)\\((.*)?\\)\\[(.*)\\]\\s\\-\\s(.*)',dynamic([1,2,3,4,5,6,7,8,9,10]),SyslogMessage)\r\n| mv-expand Parser\r\n| extend LogTime = todatetime(strcat(tostring(Parser[0]),'T',tostring(Parser[1]))), \r\n    Node = tostring(Parser[3]), \r\n    Source_IP = tostring(Parser[5]), \r\n    User = tostring(Parser[6]), \r\n    Realm = tostring(Parser[7]), \r\n    EventID = tostring(Parser[8]), \r\n    Messages = tostring(Parser[9])\r\n| project-away Parser\r\n\r\n",
        "version": 1
      }
    },
    {
      "type": "Microsoft.OperationalInsights/workspaces/providers/metadata",
      "apiVersion": "2022-01-01-preview",
      "location": "[parameters('workspace-location')]",
      "name": "[concat(parameters('workspace'),'/Microsoft.SecurityInsights/',concat('Parser-', last(split(variables('_parserId1'),'/'))))]",
      "dependsOn": [
        "[variables('_parserId1')]"
      ],
      "properties": {
        "parentId": "[resourceId('Microsoft.OperationalInsights/workspaces/savedSearches', parameters('workspace'), variables('parserName1'))]",
        "contentId": "[variables('_parserContentId1')]",
        "kind": "Parser",
        "version": "[variables('parserVersion1')]",
        "source": {
          "kind": "Solution",
          "name": "Pulse Connect Secure",
          "sourceId": "[variables('_solutionId')]"
        },
        "author": {
          "name": "Microsoft",
          "email": "[variables('_email')]"
        },
        "support": {
          "name": "Microsoft Corporation",
          "email": "support@microsoft.com",
          "tier": "Microsoft",
          "link": "https://support.microsoft.com"
        }
      }
    },
    {
      "type": "Microsoft.Resources/templateSpecs",
      "apiVersion": "2021-05-01",
      "name": "[variables('workbookTemplateSpecName1')]",
      "location": "[parameters('workspace-location')]",
      "tags": {
        "hidden-sentinelWorkspaceId": "[variables('workspaceResourceId')]",
        "hidden-sentinelContentType": "Workbook"
      },
      "properties": {
        "description": "Pulse Connect Secure Workbook with template",
        "displayName": "Pulse Connect Secure workbook template"
      }
    },
    {
      "type": "Microsoft.Resources/templateSpecs/versions",
      "apiVersion": "2021-05-01",
      "name": "[concat(variables('workbookTemplateSpecName1'),'/',variables('workbookVersion1'))]",
      "location": "[parameters('workspace-location')]",
      "tags": {
        "hidden-sentinelWorkspaceId": "[variables('workspaceResourceId')]",
        "hidden-sentinelContentType": "Workbook"
      },
      "dependsOn": [
        "[resourceId('Microsoft.Resources/templateSpecs', variables('workbookTemplateSpecName1'))]"
      ],
      "properties": {
        "description": "PulseConnectSecureWorkbook Workbook with template version 2.0.0",
        "mainTemplate": {
          "$schema": "https://schema.management.azure.com/schemas/2019-04-01/deploymentTemplate.json#",
          "contentVersion": "[variables('workbookVersion1')]",
          "parameters": {},
          "variables": {},
          "resources": [
            {
              "type": "Microsoft.Insights/workbooks",
              "name": "[variables('workbookContentId1')]",
              "location": "[parameters('workspace-location')]",
              "kind": "shared",
              "apiVersion": "2021-08-01",
              "metadata": {
                "description": "Gain insight into Pulse Secure VPN by analyzing, collecting and correlating vulnerability data.\nThis workbook provides visibility into user VPN activities"
              },
              "properties": {
                "displayName": "[parameters('workbook1-name')]",
                "serializedData": "{\"version\":\"Notebook/1.0\",\"items\":[{\"type\":9,\"content\":{\"version\":\"KqlParameterItem/1.0\",\"parameters\":[{\"id\":\"91698dfb-6494-47f8-8789-44d47c9bb60a\",\"version\":\"KqlParameterItem/1.0\",\"name\":\"TimeRange\",\"label\":\"Time Range\",\"type\":4,\"isRequired\":true,\"value\":{\"durationMs\":2419200000},\"typeSettings\":{\"selectableValues\":[{\"durationMs\":300000},{\"durationMs\":900000},{\"durationMs\":1800000},{\"durationMs\":3600000},{\"durationMs\":14400000},{\"durationMs\":43200000},{\"durationMs\":86400000},{\"durationMs\":172800000},{\"durationMs\":259200000},{\"durationMs\":604800000},{\"durationMs\":1209600000},{\"durationMs\":2419200000},{\"durationMs\":2592000000},{\"durationMs\":5184000000},{\"durationMs\":7776000000}],\"allowCustom\":true},\"resourceType\":\"microsoft.insights/components\"},{\"id\":\"96ede67e-4a1d-4207-9771-a286c41203f7\",\"version\":\"KqlParameterItem/1.0\",\"name\":\"VPNDevice\",\"type\":2,\"isRequired\":true,\"multiSelect\":true,\"quote\":\"'\",\"delimiter\":\",\",\"query\":\"PulseConnectSecure\\r\\n| distinct tostring(Computer)\",\"typeSettings\":{\"additionalResourceOptions\":[\"value::all\"]},\"timeContext\":{\"durationMs\":0},\"timeContextFromParameter\":\"TimeRange\",\"queryType\":0,\"resourceType\":\"microsoft.operationalinsights/workspaces\",\"label\":\"VPN Device\"}],\"style\":\"above\",\"queryType\":0,\"resourceType\":\"microsoft.operationalinsights/workspaces\"},\"name\":\"parameters - 1\"},{\"type\":3,\"content\":{\"version\":\"KqlItem/1.0\",\"query\":\"PulseConnectSecure\\r\\n| extend LoginResults = extract(\\\"^Login (failed|succeeded)\\\", 1, Messages)\\r\\n| where isnotempty(LoginResults)\\r\\n| where Computer in ({VPNDevice}) or '*' in ({VPNDevice})\\r\\n| summarize dcount(User) by Computer, bin(TimeGenerated, {TimeRange:grain})\\r\\n\",\"size\":0,\"title\":\"Distinct User Login by VPN Device\",\"timeContext\":{\"durationMs\":0},\"timeContextFromParameter\":\"TimeRange\",\"queryType\":0,\"resourceType\":\"microsoft.operationalinsights/workspaces\",\"visualization\":\"areachart\"},\"name\":\"query - 2\"},{\"type\":3,\"content\":{\"version\":\"KqlItem/1.0\",\"query\":\"PulseConnectSecure\\r\\n| extend LoginResults = extract(\\\"^Login (failed|succeeded)\\\", 1, Messages)\\r\\n| where isnotempty(LoginResults)\\r\\n| where Computer in ({VPNDevice}) or '*' in ({VPNDevice})\\r\\n| where User !endswith \\\"$\\\" and User !~ \\\"SYSTEM\\\"\\r\\n| summarize count() by LoginResults, bin(TimeGenerated, {TimeRange:grain})\\r\\n\",\"size\":0,\"title\":\"User Login Events by Time\",\"timeContext\":{\"durationMs\":0},\"timeContextFromParameter\":\"TimeRange\",\"queryType\":0,\"resourceType\":\"microsoft.operationalinsights/workspaces\",\"visualization\":\"barchart\",\"chartSettings\":{\"seriesLabelSettings\":[{\"seriesName\":\"succeeded\",\"color\":\"green\"},{\"seriesName\":\"failed\",\"color\":\"red\"}]}},\"customWidth\":\"50\",\"name\":\"query - 11 - Copy\"},{\"type\":3,\"content\":{\"version\":\"KqlItem/1.0\",\"query\":\"PulseConnectSecure\\r\\n| where Computer in ({VPNDevice}) or '*' in ({VPNDevice})\\r\\n| extend LoginResults = extract(\\\"^Login (failed|succeeded)\\\", 1, Messages)\\r\\n| where isnotempty(LoginResults)\\r\\n| where LoginResults == \\\"failed\\\"\\r\\n| where User !endswith \\\"$\\\" and User !~ \\\"SYSTEM\\\"\\r\\n| summarize count() by User, Source_IP\\r\\n| top 10 by count_\\r\\n\",\"size\":0,\"title\":\"Top 10 Failed Login by User\",\"timeContext\":{\"durationMs\":0},\"timeContextFromParameter\":\"TimeRange\",\"queryType\":0,\"resourceType\":\"microsoft.operationalinsights/workspaces\",\"visualization\":\"table\",\"gridSettings\":{\"formatters\":[{\"columnMatch\":\"count_\",\"formatter\":3,\"formatOptions\":{\"palette\":\"coldHot\"}}],\"labelSettings\":[{\"columnId\":\"User\",\"label\":\"VPN User\"},{\"columnId\":\"Source_IP\",\"label\":\"Client IP\"},{\"columnId\":\"count_\",\"label\":\"Total\"}]}},\"customWidth\":\"50\",\"name\":\"query - 11 - Copy - Copy\"},{\"type\":3,\"content\":{\"version\":\"KqlItem/1.0\",\"query\":\"PulseConnectSecure\\r\\n| where Computer in ({VPNDevice}) or '*' in ({VPNDevice})\\r\\n| extend LoginResults = extract(\\\"^Login (failed|succeeded)\\\", 1, Messages)\\r\\n| where isnotempty(LoginResults)\\r\\n| where LoginResults == \\\"failed\\\"\\r\\n| where User !endswith \\\"$\\\" and User !~ \\\"SYSTEM\\\"\\r\\n| summarize count() by Realm, bin(TimeGenerated, {TimeRange:grain})\",\"size\":0,\"title\":\"Top 10 Failed Login by User Realm\",\"timeContext\":{\"durationMs\":0},\"timeContextFromParameter\":\"TimeRange\",\"queryType\":0,\"resourceType\":\"microsoft.operationalinsights/workspaces\",\"visualization\":\"barchart\"},\"customWidth\":\"50\",\"name\":\"query - 11 - Copy - Copy - Copy\"},{\"type\":3,\"content\":{\"version\":\"KqlItem/1.0\",\"query\":\"PulseConnectSecure\\r\\n| extend LoginResults = extract(\\\"^Login (failed|succeeded)\\\", 1, Messages)\\r\\n| where isnotempty(LoginResults)\\r\\n| where Computer in ({VPNDevice}) or '*' in ({VPNDevice})\\r\\n| where LoginResults == \\\"failed\\\"\\r\\n| where User !endswith \\\"$\\\" and User != \\\"SYSTEM\\\"\\r\\n| summarize count() by Computer, bin(TimeGenerated, {TimeRange:grain})\\r\\n| top 10 by count_\\r\\n\",\"size\":0,\"title\":\"Top 10 Failed Login by VPN Device\",\"timeContext\":{\"durationMs\":0},\"timeContextFromParameter\":\"TimeRange\",\"queryType\":0,\"resourceType\":\"microsoft.operationalinsights/workspaces\",\"visualization\":\"areachart\"},\"customWidth\":\"50\",\"name\":\"query - 11 - Copy - Copy - Copy\"},{\"type\":3,\"content\":{\"version\":\"KqlItem/1.0\",\"query\":\"PulseConnectSecure\\r\\n| where Computer in ({VPNDevice}) or '*' in ({VPNDevice})\\r\\n| where Messages has \\\"Host Checker\\\"\\r\\n| extend OS = case(Messages has \\\"Mac\\\", \\\"Mac OSX\\\", Messages has \\\"Windows\\\", \\\"Windows\\\",\\\"Other\\\")\\r\\n| summarize count() by OS\",\"size\":0,\"title\":\"Client Device Usage\",\"timeContext\":{\"durationMs\":0},\"timeContextFromParameter\":\"TimeRange\",\"queryType\":0,\"resourceType\":\"microsoft.operationalinsights/workspaces\",\"visualization\":\"piechart\"},\"customWidth\":\"50\",\"name\":\"query - 7\"},{\"type\":3,\"content\":{\"version\":\"KqlItem/1.0\",\"query\":\"PulseConnectSecure\\r\\n| where Computer in ({VPNDevice}) or '*' in ({VPNDevice})\\r\\n| summarize ADPrimaryAuthSuccess = countif(Messages has \\\"Primary authentication successful\\\"), ADPrimaryAuthFailed = countif(Messages has \\\"Primary authentication failed\\\"), ADsecondaryAuthSuccess =countif(Messages has \\\"Secondary authentication successful\\\"), ADSecondaryAuthFailed = countif(Messages has \\\"Secondary authentication failed\\\")\",\"size\":0,\"title\":\"Active Directory Authentication Status\",\"timeContext\":{\"durationMs\":0},\"timeContextFromParameter\":\"TimeRange\",\"queryType\":0,\"resourceType\":\"microsoft.operationalinsights/workspaces\",\"visualization\":\"unstackedbar\"},\"customWidth\":\"50\",\"name\":\"query - 8\"},{\"type\":3,\"content\":{\"version\":\"KqlItem/1.0\",\"query\":\"PulseConnectSecure\\r\\n| where Computer in ({VPNDevice}) or '*' in ({VPNDevice})\\r\\n| where Messages has \\\"User Accounts modified\\\"\\r\\n| summarize UserAdded = countif(Messages has \\\"Added with username\\\"), UserRemoved = countif(Messages has \\\"Removed username\\\")\\r\\n\",\"size\":0,\"title\":\"User Modification Status by Count\",\"timeContext\":{\"durationMs\":0},\"timeContextFromParameter\":\"TimeRange\",\"queryType\":0,\"resourceType\":\"microsoft.operationalinsights/workspaces\",\"visualization\":\"unstackedbar\"},\"customWidth\":\"50\",\"name\":\"query - 9\"},{\"type\":3,\"content\":{\"version\":\"KqlItem/1.0\",\"query\":\"PulseConnectSecure\\r\\n| where Computer in ({VPNDevice}) or '*' in ({VPNDevice})\\r\\n| where Messages contains \\\"Radius Accounting\\\"\\r\\n| summarize ['Auth Success'] = countif(Messages has \\\"Failed to send radius\\\"), ['Auth Failed']=countif(Messages has \\\"Successfully sent radius\\\") by bin(TimeGenerated, {TimeRange:grain})\",\"size\":0,\"title\":\"RADIUS Authentication Result by Time\",\"timeContext\":{\"durationMs\":0},\"timeContextFromParameter\":\"TimeRange\",\"queryType\":0,\"resourceType\":\"microsoft.operationalinsights/workspaces\",\"visualization\":\"areachart\"},\"customWidth\":\"50\",\"name\":\"query - 10\"}],\"fromTemplateId\":\"sentinel-PulseConnectSecure\",\"$schema\":\"https://github.com/Microsoft/Application-Insights-Workbooks/blob/master/schema/workbook.json\"}\r\n",
                "version": "1.0",
                "sourceId": "[variables('workspaceResourceId')]",
                "category": "sentinel"
              }
            },
            {
              "type": "Microsoft.OperationalInsights/workspaces/providers/metadata",
              "apiVersion": "2022-01-01-preview",
              "name": "[concat(parameters('workspace'),'/Microsoft.SecurityInsights/',concat('Workbook-', last(split(variables('workbookId1'),'/'))))]",
              "properties": {
                "description": "@{workbookKey=PulseConnectSecureWorkbook; logoFileName=; description=Gain insight into Pulse Secure VPN by analyzing, collecting and correlating vulnerability data.\nThis workbook provides visibility into user VPN activities; dataTypesDependencies=System.Object[]; dataConnectorsDependencies=System.Object[]; previewImagesFileNames=System.Object[]; version=1.0.0; title=Pulse Connect Secure; templateRelativePath=PulseConnectSecure.json; subtitle=; provider=Pulse Secure}.description",
                "parentId": "[variables('workbookId1')]",
                "contentId": "[variables('_workbookContentId1')]",
                "kind": "Workbook",
                "version": "[variables('workbookVersion1')]",
                "source": {
                  "kind": "Solution",
                  "name": "Pulse Connect Secure",
                  "sourceId": "[variables('_solutionId')]"
                },
                "author": {
                  "name": "Microsoft",
                  "email": "[variables('_email')]"
                },
                "support": {
                  "name": "Microsoft Corporation",
                  "email": "support@microsoft.com",
                  "tier": "Microsoft",
                  "link": "https://support.microsoft.com"
                },
                "dependencies": {
                  "operator": "AND",
                  "criteria": [
                    {
                      "contentId": "Syslog",
                      "kind": "DataType"
                    },
                    {
                      "contentId": "PulseConnectSecure",
                      "kind": "DataConnector"
                    }
                  ]
                }
              }
            }
          ]
        }
      }
    },
    {
      "type": "Microsoft.Resources/templateSpecs",
      "apiVersion": "2021-05-01",
      "name": "[variables('analyticRuleTemplateSpecName1')]",
      "location": "[parameters('workspace-location')]",
      "tags": {
        "hidden-sentinelWorkspaceId": "[variables('workspaceResourceId')]",
        "hidden-sentinelContentType": "AnalyticsRule"
      },
      "properties": {
        "description": "Pulse Connect Secure Analytics Rule 1 with template",
        "displayName": "Pulse Connect Secure Analytics Rule template"
      }
    },
    {
      "type": "Microsoft.Resources/templateSpecs/versions",
      "apiVersion": "2021-05-01",
      "name": "[concat(variables('analyticRuleTemplateSpecName1'),'/',variables('analyticRuleVersion1'))]",
      "location": "[parameters('workspace-location')]",
      "tags": {
        "hidden-sentinelWorkspaceId": "[variables('workspaceResourceId')]",
        "hidden-sentinelContentType": "AnalyticsRule"
      },
      "dependsOn": [
        "[resourceId('Microsoft.Resources/templateSpecs', variables('analyticRuleTemplateSpecName1'))]"
      ],
      "properties": {
        "description": "PulseConnectSecureVPN-BruteForce_AnalyticalRules Analytics Rule with template version 2.0.0",
        "mainTemplate": {
          "$schema": "https://schema.management.azure.com/schemas/2019-04-01/deploymentTemplate.json#",
          "contentVersion": "[variables('analyticRuleVersion1')]",
          "parameters": {},
          "variables": {},
          "resources": [
            {
              "type": "Microsoft.SecurityInsights/AlertRuleTemplates",
              "name": "[variables('AnalyticRulecontentId1')]",
              "apiVersion": "2022-04-01-preview",
              "kind": "Scheduled",
              "location": "[parameters('workspace-location')]",
              "properties": {
                "description": "This query identifies evidence of potential brute force attack by looking at multiple failed attempts to log into the VPN server",
                "displayName": "PulseConnectSecure - Potential Brute Force Attempts",
                "enabled": false,
                "query": "\nlet threshold = 20;\nPulseConnectSecure\n| where Messages contains \"Login failed\"\n| summarize StartTime = min(TimeGenerated), EndTime = max(TimeGenerated), count() by User, Source_IP\n| where count_ > threshold\n| extend timestamp = StartTime, AccountCustomEntity = User, IPCustomEntity = Source_IP\n",
                "queryFrequency": "PT1H",
                "queryPeriod": "PT1H",
                "severity": "Low",
                "suppressionDuration": "PT1H",
                "suppressionEnabled": false,
                "triggerOperator": "GreaterThan",
                "triggerThreshold": 0,
                "status": "Available",
                "requiredDataConnectors": [
                  {
                    "connectorId": "PulseConnectSecure",
                    "dataTypes": [
                      "Syslog"
                    ]
                  }
                ],
                "tactics": [
                  "CredentialAccess"
                ],
                "entityMappings": [
                  {
                    "entityType": "Account",
                    "fieldMappings": [
                      {
                        "columnName": "AccountCustomEntity",
                        "identifier": "FullName"
                      }
                    ]
                  },
                  {
                    "entityType": "IP",
                    "fieldMappings": [
                      {
                        "columnName": "IPCustomEntity",
                        "identifier": "Address"
                      }
                    ]
                  }
                ]
              }
            },
            {
              "type": "Microsoft.OperationalInsights/workspaces/providers/metadata",
              "apiVersion": "2022-01-01-preview",
              "name": "[concat(parameters('workspace'),'/Microsoft.SecurityInsights/',concat('AnalyticsRule-', last(split(variables('analyticRuleId1'),'/'))))]",
              "properties": {
                "description": "Pulse Connect Secure Analytics Rule 1",
                "parentId": "[variables('analyticRuleId1')]",
                "contentId": "[variables('_analyticRulecontentId1')]",
                "kind": "AnalyticsRule",
                "version": "[variables('analyticRuleVersion1')]",
                "source": {
                  "kind": "Solution",
                  "name": "Pulse Connect Secure",
                  "sourceId": "[variables('_solutionId')]"
                },
                "author": {
                  "name": "Microsoft",
                  "email": "[variables('_email')]"
                },
                "support": {
                  "name": "Microsoft Corporation",
                  "email": "support@microsoft.com",
                  "tier": "Microsoft",
                  "link": "https://support.microsoft.com"
                }
              }
            }
          ]
        }
      }
    },
    {
      "type": "Microsoft.Resources/templateSpecs",
      "apiVersion": "2021-05-01",
      "name": "[variables('analyticRuleTemplateSpecName2')]",
      "location": "[parameters('workspace-location')]",
      "tags": {
        "hidden-sentinelWorkspaceId": "[variables('workspaceResourceId')]",
        "hidden-sentinelContentType": "AnalyticsRule"
      },
      "properties": {
        "description": "Pulse Connect Secure Analytics Rule 2 with template",
        "displayName": "Pulse Connect Secure Analytics Rule template"
      }
    },
    {
      "type": "Microsoft.Resources/templateSpecs/versions",
      "apiVersion": "2021-05-01",
      "name": "[concat(variables('analyticRuleTemplateSpecName2'),'/',variables('analyticRuleVersion2'))]",
      "location": "[parameters('workspace-location')]",
      "tags": {
        "hidden-sentinelWorkspaceId": "[variables('workspaceResourceId')]",
        "hidden-sentinelContentType": "AnalyticsRule"
      },
      "dependsOn": [
        "[resourceId('Microsoft.Resources/templateSpecs', variables('analyticRuleTemplateSpecName2'))]"
      ],
      "properties": {
        "description": "PulseConnectSecureVPN-DistinctFailedUserLogin_AnalyticalRules Analytics Rule with template version 2.0.0",
        "mainTemplate": {
          "$schema": "https://schema.management.azure.com/schemas/2019-04-01/deploymentTemplate.json#",
          "contentVersion": "[variables('analyticRuleVersion2')]",
          "parameters": {},
          "variables": {},
          "resources": [
            {
              "type": "Microsoft.SecurityInsights/AlertRuleTemplates",
              "name": "[variables('AnalyticRulecontentId2')]",
              "apiVersion": "2022-04-01-preview",
              "kind": "Scheduled",
              "location": "[parameters('workspace-location')]",
              "properties": {
                "description": "This query identifies evidence of failed login attempts from a large number of distinct users on a Pulse Connect Secure VPN server",
                "displayName": "PulseConnectSecure - Large Number of Distinct Failed User Logins",
                "enabled": false,
                "query": "\nlet threshold = 100;\nPulseConnectSecure\n| where Messages startswith \"Login failed\"\n| summarize dcount(User) by Computer, bin(TimeGenerated, 15m)\n| where dcount_User > threshold\n| extend timestamp = TimeGenerated, HostCustomEntity = Computer\n",
                "queryFrequency": "PT1H",
                "queryPeriod": "PT1H",
                "severity": "Medium",
                "suppressionDuration": "PT1H",
                "suppressionEnabled": false,
                "triggerOperator": "GreaterThan",
                "triggerThreshold": 0,
                "status": "Available",
                "requiredDataConnectors": [
                  {
                    "connectorId": "PulseConnectSecure",
                    "dataTypes": [
                      "Syslog"
                    ]
                  }
                ],
                "tactics": [
                  "CredentialAccess"
                ],
                "entityMappings": [
                  {
                    "entityType": "Host",
                    "fieldMappings": [
                      {
                        "columnName": "HostCustomEntity",
                        "identifier": "FullName"
                      }
                    ]
                  }
                ]
              }
            },
            {
              "type": "Microsoft.OperationalInsights/workspaces/providers/metadata",
              "apiVersion": "2022-01-01-preview",
              "name": "[concat(parameters('workspace'),'/Microsoft.SecurityInsights/',concat('AnalyticsRule-', last(split(variables('analyticRuleId2'),'/'))))]",
              "properties": {
                "description": "Pulse Connect Secure Analytics Rule 2",
                "parentId": "[variables('analyticRuleId2')]",
                "contentId": "[variables('_analyticRulecontentId2')]",
                "kind": "AnalyticsRule",
                "version": "[variables('analyticRuleVersion2')]",
                "source": {
                  "kind": "Solution",
                  "name": "Pulse Connect Secure",
                  "sourceId": "[variables('_solutionId')]"
                },
                "author": {
                  "name": "Microsoft",
                  "email": "[variables('_email')]"
                },
                "support": {
                  "name": "Microsoft Corporation",
                  "email": "support@microsoft.com",
                  "tier": "Microsoft",
                  "link": "https://support.microsoft.com"
                }
              }
            }
          ]
        }
      }
    },
    {
      "type": "Microsoft.OperationalInsights/workspaces/providers/metadata",
      "apiVersion": "2022-01-01-preview",
      "location": "[parameters('workspace-location')]",
      "properties": {
        "version": "2.0.0",
        "kind": "Solution",
        "contentSchemaVersion": "2.0.0",
        "contentId": "[variables('_solutionId')]",
        "parentId": "[variables('_solutionId')]",
        "source": {
          "kind": "Solution",
          "name": "Pulse Connect Secure",
          "sourceId": "[variables('_solutionId')]"
        },
        "author": {
          "name": "Microsoft",
          "email": "[variables('_email')]"
        },
        "support": {
          "name": "Microsoft Corporation",
          "email": "support@microsoft.com",
          "tier": "Microsoft",
          "link": "https://support.microsoft.com"
        },
        "dependencies": {
          "operator": "AND",
          "criteria": [
            {
              "kind": "DataConnector",
              "contentId": "[variables('_dataConnectorContentId1')]",
              "version": "[variables('dataConnectorVersion1')]"
            },
            {
              "kind": "Parser",
              "contentId": "[variables('_parserContentId1')]",
              "version": "[variables('parserVersion1')]"
            },
            {
              "kind": "Workbook",
              "contentId": "[variables('_workbookContentId1')]",
              "version": "[variables('workbookVersion1')]"
            },
            {
              "kind": "AnalyticsRule",
              "contentId": "[variables('analyticRulecontentId1')]",
              "version": "[variables('analyticRuleVersion1')]"
            },
            {
              "kind": "AnalyticsRule",
              "contentId": "[variables('analyticRulecontentId2')]",
              "version": "[variables('analyticRuleVersion2')]"
            }
          ]
        },
        "firstPublishDate": "2022-05-02",
        "providers": [
          "Pulse Secure"
        ],
        "categories": {
          "domains": [
            "Security - Threat Protection"
          ]
        }
      },
      "name": "[concat(parameters('workspace'),'/Microsoft.SecurityInsights/', variables('_solutionId'))]"
    }
  ],
  "outputs": {}
}
