{
  "$schema": "https://schema.management.azure.com/schemas/2019-04-01/deploymentTemplate.json#",
  "contentVersion": "1.0.0.0",
  "metadata": {
    "author": "Contrast Security - support@contrastsecurity.com",
    "comments": "Solution template for Contrast Protect"
  },
  "parameters": {
    "location": {
      "type": "string",
      "minLength": 1,
      "defaultValue": "[resourceGroup().location]",
      "metadata": {
        "description": "Not used, but needed to pass arm-ttk test `Location-Should-Not-Be-Hardcoded`.  We instead use the `workspace-location` which is derived from the LA workspace"
      }
    },
    "workspace-location": {
      "type": "string",
      "defaultValue": "",
      "metadata": {
        "description": "[concat('Region to deploy solution resources -- separate from location selection',parameters('location'))]"
      }
    },
    "workspace": {
      "defaultValue": "",
      "type": "string",
      "metadata": {
        "description": "Workspace name for Log Analytics where Microsoft Sentinel is setup"
      }
    },
    "workbook1-name": {
      "type": "string",
      "defaultValue": "Contrast Protect",
      "minLength": 1,
      "metadata": {
        "description": "Name for the workbook"
      }
    }
  },
  "variables": {
    "solutionId": "contrast_security.contrast_protect_azure_sentinel_solution",
    "_solutionId": "[variables('solutionId')]",
    "email": "support@contrastsecurity.com",
    "_email": "[variables('email')]",
    "workspaceResourceId": "[resourceId('microsoft.OperationalInsights/Workspaces', parameters('workspace'))]",
    "uiConfigId1": "ContrastProtect",
    "_uiConfigId1": "[variables('uiConfigId1')]",
    "dataConnectorContentId1": "ContrastProtect",
    "_dataConnectorContentId1": "[variables('dataConnectorContentId1')]",
    "dataConnectorId1": "[extensionResourceId(resourceId('Microsoft.OperationalInsights/workspaces', parameters('workspace')), 'Microsoft.SecurityInsights/dataConnectors', variables('_dataConnectorContentId1'))]",
    "_dataConnectorId1": "[variables('dataConnectorId1')]",
    "dataConnectorTemplateSpecName1": "[concat(parameters('workspace'),'-dc-',uniquestring(variables('_dataConnectorContentId1')))]",
    "dataConnectorVersion1": "1.0.0",
    "analyticRuleVersion1": "1.0.0",
    "analyticRulecontentId1": "4396f8c3-d114-4154-9f4c-048ba522ed04",
    "_analyticRulecontentId1": "[variables('analyticRulecontentId1')]",
    "analyticRuleId1": "[resourceId('Microsoft.SecurityInsights/AlertRuleTemplates', variables('analyticRulecontentId1'))]",
    "analyticRuleTemplateSpecName1": "[concat(parameters('workspace'),'-ar-',uniquestring(variables('_analyticRulecontentId1')))]",
    "analyticRuleVersion2": "1.0.0",
    "analyticRulecontentId2": "e1abb6ed-be18-40fd-be58-3d3d84041daf",
    "_analyticRulecontentId2": "[variables('analyticRulecontentId2')]",
    "analyticRuleId2": "[resourceId('Microsoft.SecurityInsights/AlertRuleTemplates', variables('analyticRulecontentId2'))]",
    "analyticRuleTemplateSpecName2": "[concat(parameters('workspace'),'-ar-',uniquestring(variables('_analyticRulecontentId2')))]",
    "analyticRuleVersion3": "1.0.0",
    "analyticRulecontentId3": "297596de-d9ae-4fb8-b6ff-00fc01c9462d",
    "_analyticRulecontentId3": "[variables('analyticRulecontentId3')]",
    "analyticRuleId3": "[resourceId('Microsoft.SecurityInsights/AlertRuleTemplates', variables('analyticRulecontentId3'))]",
    "analyticRuleTemplateSpecName3": "[concat(parameters('workspace'),'-ar-',uniquestring(variables('_analyticRulecontentId3')))]",
    "analyticRuleVersion4": "1.0.0",
    "analyticRulecontentId4": "f713404e-805c-4e0c-91fa-2c149f76a07d",
    "_analyticRulecontentId4": "[variables('analyticRulecontentId4')]",
    "analyticRuleId4": "[resourceId('Microsoft.SecurityInsights/AlertRuleTemplates', variables('analyticRulecontentId4'))]",
    "analyticRuleTemplateSpecName4": "[concat(parameters('workspace'),'-ar-',uniquestring(variables('_analyticRulecontentId4')))]",
    "workbookVersion1": "1.0.0",
    "workbookContentId1": "ContrastProtect",
    "workbookId1": "[resourceId('Microsoft.Insights/workbooks', variables('workbookContentId1'))]",
    "workbookTemplateSpecName1": "[concat(parameters('workspace'),'-wb-',uniquestring(variables('_workbookContentId1')))]",
    "_workbookContentId1": "[variables('workbookContentId1')]"
  },
  "resources": [
    {
      "type": "Microsoft.Resources/templateSpecs",
      "apiVersion": "2021-05-01",
      "name": "[variables('dataConnectorTemplateSpecName1')]",
      "location": "[parameters('workspace-location')]",
      "tags": {
        "hidden-sentinelWorkspaceId": "[variables('workspaceResourceId')]",
        "hidden-sentinelContentType": "DataConnector"
      },
      "properties": {
        "description": "Contrast Protect data connector with template",
        "displayName": "Contrast Protect template"
      }
    },
    {
      "type": "Microsoft.Resources/templateSpecs/versions",
      "apiVersion": "2021-05-01",
      "name": "[concat(variables('dataConnectorTemplateSpecName1'),'/',variables('dataConnectorVersion1'))]",
      "location": "[parameters('workspace-location')]",
      "tags": {
        "hidden-sentinelWorkspaceId": "[variables('workspaceResourceId')]",
        "hidden-sentinelContentType": "DataConnector"
      },
      "dependsOn": [
        "[resourceId('Microsoft.Resources/templateSpecs', variables('dataConnectorTemplateSpecName1'))]"
      ],
      "properties": {
        "description": "Contrast Protect data connector with template version 2.0.0",
        "mainTemplate": {
          "$schema": "https://schema.management.azure.com/schemas/2019-04-01/deploymentTemplate.json#",
          "contentVersion": "[variables('dataConnectorVersion1')]",
          "parameters": {},
          "variables": {},
          "resources": [
            {
              "name": "[concat(parameters('workspace'),'/Microsoft.SecurityInsights/',variables('_dataConnectorContentId1'))]",
              "apiVersion": "2021-03-01-preview",
              "type": "Microsoft.OperationalInsights/workspaces/providers/dataConnectors",
              "location": "[parameters('workspace-location')]",
              "kind": "GenericUI",
              "properties": {
                "connectorUiConfig": {
                  "id": "[variables('_uiConfigId1')]",
                  "title": "Contrast Protect",
                  "publisher": "Contrast Security",
                  "descriptionMarkdown": "Contrast Protect mitigates security threats in production applications with runtime protection and observability.  Attack event results (blocked, probed, suspicious...) and other information can be sent to Microsoft Microsoft Sentinel to blend with security information from other systems.",
                  "graphQueries": [
                    {
                      "metricName": "Total data received",
                      "legend": "ContrastProtect",
                      "baseQuery": "CommonSecurityLog\n| where DeviceVendor == \"Contrast Security\""
                    }
                  ],
                  "sampleQueries": [
                    {
                      "description": "All attacks",
                      "query": "let extract_data=(a:string, k:string) {\n  parse_urlquery(replace(@';', @'&', a))[\"Query Parameters\"][k]\n};\n\nCommonSecurityLog \n| where DeviceVendor == 'Contrast Security'\n| extend Outcome = replace(@'INEFFECTIVE', @'PROBED', tostring(extract_data(AdditionalExtensions, 'outcome')))\n| where Outcome != 'success'\n| extend Rule = extract_data(AdditionalExtensions, 'pri')\n| project TimeGenerated, ApplicationProtocol, Rule, Activity, Outcome, RequestURL, SourceIP\n| order by TimeGenerated desc\n"
                    },
                    {
                      "description": "Effective attacks",
                      "query": "let extract_data=(a:string, k:string) {\n  parse_urlquery(replace(@';', @'&', a))[\"Query Parameters\"][k]\n};\n\nCommonSecurityLog \n| where DeviceVendor == 'Contrast Security'\n| extend Outcome = extract_data(AdditionalExtensions, 'outcome')\n| where Outcome in ('EXPLOITED','BLOCKED','SUSPICIOUS')\n| extend Rule = extract_data(AdditionalExtensions, 'pri')\n| project TimeGenerated, ApplicationProtocol, Rule, Activity, Outcome, RequestURL, SourceIP\n| order by TimeGenerated desc\n"
                    }
                  ],
                  "dataTypes": [
                    {
                      "name": "CommonSecurityLog (ContrastProtect)",
                      "lastDataReceivedQuery": "CommonSecurityLog\n| where DeviceVendor == \"Contrast Security\"\n| summarize Time = max(TimeGenerated)\n| where isnotempty(Time)"
                    }
                  ],
                  "connectivityCriterias": [
                    {
                      "type": "IsConnectedQuery",
                      "value": [
                        "CommonSecurityLog\n| where DeviceVendor == \"Contrast Security\"\n| summarize LastLogReceived = max(TimeGenerated)\n| project IsConnected = LastLogReceived > ago(30d)"
                      ]
                    }
                  ],
                  "availability": {
                    "status": 1,
                    "isPreview": false
                  },
                  "permissions": {
                    "resourceProvider": [
                      {
                        "provider": "Microsoft.OperationalInsights/workspaces",
                        "permissionsDisplayText": "read and write permissions are required.",
                        "providerDisplayName": "Workspace",
                        "scope": "Workspace",
                        "requiredPermissions": {
                          "read": true,
                          "write": true,
                          "delete": true
                        }
                      },
                      {
                        "provider": "Microsoft.OperationalInsights/workspaces/sharedKeys",
                        "permissionsDisplayText": "read permissions to shared keys for the workspace are required. [See the documentation to learn more about workspace keys](https://docs.microsoft.com/azure/azure-monitor/platform/agent-windows#obtain-workspace-id-and-key).",
                        "providerDisplayName": "Keys",
                        "scope": "Workspace",
                        "requiredPermissions": {
                          "action": true
                        }
                      }
                    ]
                  },
                  "instructionSteps": [
                    {
                      "description": "Install and configure the Linux agent to collect your Common Event Format (CEF) Syslog messages and forward them to Microsoft Sentinel.\n\n> Notice that the data from all regions will be stored in the selected workspace",
                      "innerSteps": [
                        {
                          "title": "1.1 Select or create a Linux machine",
                          "description": "Select or create a Linux machine that Microsoft Sentinel will use as the proxy between your security solution and Microsoft Sentinel this machine can be on your on-prem environment, Azure or other clouds."
                        },
                        {
                          "title": "1.2 Install the CEF collector on the Linux machine",
                          "description": "Install the Microsoft Monitoring Agent on your Linux machine and configure the machine to listen on the necessary port and forward messages to your Microsoft Sentinel workspace. The CEF collector collects CEF messages on port 514 TCP.\n\n> 1. Make sure that you have Python on your machine using the following command: python -version.\n\n> 2. You must have elevated permissions (sudo) on your machine.",
                          "instructions": [
                            {
                              "parameters": {
                                "fillWith": [
                                  "WorkspaceId",
                                  "PrimaryKey"
                                ],
                                "label": "Run the following command to install and apply the CEF collector:",
                                "value": "sudo wget -O cef_installer.py https://raw.githubusercontent.com/Azure/Azure-Sentinel/master/DataConnectors/CEF/cef_installer.py&&sudo python cef_installer.py {0} {1}"
                              },
                              "type": "CopyableLabel"
                            }
                          ]
                        }
                      ],
                      "title": "1. Linux Syslog agent configuration"
                    },
                    {
                      "description": "Configure the Contrast Protect agent to forward events to syslog as described here: https://docs.contrastsecurity.com/en/output-to-syslog.html. Generate some attack events for your application.",
                      "title": "2. Forward Common Event Format (CEF) logs to Syslog agent"
                    },
                    {
                      "description": "Follow the instructions to validate your connectivity:\n\nOpen Log Analytics to check if the logs are received using the CommonSecurityLog schema.\n\n>It may take about 20 minutes until the connection streams data to your workspace.\n\nIf the logs are not received, run the following connectivity validation script:\n\n> 1. Make sure that you have Python on your machine using the following command: python -version\n\n>2. You must have elevated permissions (sudo) on your machine",
                      "instructions": [
                        {
                          "parameters": {
                            "fillWith": [
                              "WorkspaceId"
                            ],
                            "label": "Run the following command to validate your connectivity:",
                            "value": "sudo wget  -O cef_troubleshoot.py https://raw.githubusercontent.com/Azure/Azure-Sentinel/master/DataConnectors/CEF/cef_troubleshoot.py&&sudo python cef_troubleshoot.py  {0}"
                          },
                          "type": "CopyableLabel"
                        }
                      ],
                      "title": "3. Validate connection"
                    },
                    {
                      "description": "Make sure to configure the machine's security according to your organization's security policy\n\n\n[Learn more >](https://aka.ms/SecureCEF)",
                      "title": "4. Secure your machine "
                    }
                  ],
                  "metadata": {
                    "id": "838441a0-8138-4ff4-8a2f-aa86696ceaa4",
                    "version": "1.0.0",
                    "kind": "dataConnector",
                    "source": {
                      "kind": "community"
                    },
                    "author": {
                      "name": "Contrast Security"
                    },
                    "support": {
                      "tier": "community",
                      "name": "Contrast Security",
                      "email": "support@contrastsecurity.com",
                      "link": "https://docs.contrastsecurity.com/"
                    }
                  }
                }
              }
            },
            {
              "type": "Microsoft.OperationalInsights/workspaces/providers/metadata",
              "apiVersion": "2022-01-01-preview",
              "name": "[concat(parameters('workspace'),'/Microsoft.SecurityInsights/',concat('DataConnector-', last(split(variables('_dataConnectorId1'),'/'))))]",
              "properties": {
                "parentId": "[extensionResourceId(resourceId('Microsoft.OperationalInsights/workspaces', parameters('workspace')), 'Microsoft.SecurityInsights/dataConnectors', variables('_dataConnectorContentId1'))]",
                "contentId": "[variables('_dataConnectorContentId1')]",
                "kind": "DataConnector",
                "version": "[variables('dataConnectorVersion1')]",
                "source": {
                  "kind": "Solution",
                  "name": "Contrast Protect",
                  "sourceId": "[variables('_solutionId')]"
                },
                "author": {
                  "name": "Contrast Security",
                  "email": "[variables('_email')]"
                },
                "support": {
                  "name": "Contrast Protect",
                  "email": "support@contrastsecurity.com",
                  "tier": "Partner",
                  "link": "https://docs.contrastsecurity.com/"
                }
              }
            }
          ]
        }
      }
    },
    {
      "type": "Microsoft.OperationalInsights/workspaces/providers/metadata",
      "apiVersion": "2022-01-01-preview",
      "name": "[concat(parameters('workspace'),'/Microsoft.SecurityInsights/',concat('DataConnector-', last(split(variables('_dataConnectorId1'),'/'))))]",
      "dependsOn": [
        "[variables('_dataConnectorId1')]"
      ],
      "location": "[parameters('workspace-location')]",
      "properties": {
        "parentId": "[extensionResourceId(resourceId('Microsoft.OperationalInsights/workspaces', parameters('workspace')), 'Microsoft.SecurityInsights/dataConnectors', variables('_dataConnectorContentId1'))]",
        "contentId": "[variables('_dataConnectorContentId1')]",
        "kind": "DataConnector",
        "version": "[variables('dataConnectorVersion1')]",
        "source": {
          "kind": "Solution",
          "name": "Contrast Protect",
          "sourceId": "[variables('_solutionId')]"
        },
        "author": {
          "name": "Contrast Security",
          "email": "[variables('_email')]"
        },
        "support": {
          "name": "Contrast Protect",
          "email": "support@contrastsecurity.com",
          "tier": "Partner",
          "link": "https://docs.contrastsecurity.com/"
        }
      }
    },
    {
      "name": "[concat(parameters('workspace'),'/Microsoft.SecurityInsights/',variables('_dataConnectorContentId1'))]",
      "apiVersion": "2021-03-01-preview",
      "type": "Microsoft.OperationalInsights/workspaces/providers/dataConnectors",
      "location": "[parameters('workspace-location')]",
      "kind": "GenericUI",
      "properties": {
        "connectorUiConfig": {
          "title": "Contrast Protect",
          "publisher": "Contrast Security",
          "descriptionMarkdown": "Contrast Protect mitigates security threats in production applications with runtime protection and observability.  Attack event results (blocked, probed, suspicious...) and other information can be sent to Microsoft Microsoft Sentinel to blend with security information from other systems.",
          "graphQueries": [
            {
              "metricName": "Total data received",
              "legend": "ContrastProtect",
              "baseQuery": "CommonSecurityLog\n| where DeviceVendor == \"Contrast Security\""
            }
          ],
          "dataTypes": [
            {
              "name": "CommonSecurityLog (ContrastProtect)",
              "lastDataReceivedQuery": "CommonSecurityLog\n| where DeviceVendor == \"Contrast Security\"\n| summarize Time = max(TimeGenerated)\n| where isnotempty(Time)"
            }
          ],
          "connectivityCriterias": [
            {
              "type": "IsConnectedQuery",
              "value": [
                "CommonSecurityLog\n| where DeviceVendor == \"Contrast Security\"\n| summarize LastLogReceived = max(TimeGenerated)\n| project IsConnected = LastLogReceived > ago(30d)"
              ]
            }
          ],
          "sampleQueries": [
            {
              "description": "All attacks",
              "query": "let extract_data=(a:string, k:string) {\n  parse_urlquery(replace(@';', @'&', a))[\"Query Parameters\"][k]\n};\n\nCommonSecurityLog \n| where DeviceVendor == 'Contrast Security'\n| extend Outcome = replace(@'INEFFECTIVE', @'PROBED', tostring(extract_data(AdditionalExtensions, 'outcome')))\n| where Outcome != 'success'\n| extend Rule = extract_data(AdditionalExtensions, 'pri')\n| project TimeGenerated, ApplicationProtocol, Rule, Activity, Outcome, RequestURL, SourceIP\n| order by TimeGenerated desc\n"
            },
            {
              "description": "Effective attacks",
              "query": "let extract_data=(a:string, k:string) {\n  parse_urlquery(replace(@';', @'&', a))[\"Query Parameters\"][k]\n};\n\nCommonSecurityLog \n| where DeviceVendor == 'Contrast Security'\n| extend Outcome = extract_data(AdditionalExtensions, 'outcome')\n| where Outcome in ('EXPLOITED','BLOCKED','SUSPICIOUS')\n| extend Rule = extract_data(AdditionalExtensions, 'pri')\n| project TimeGenerated, ApplicationProtocol, Rule, Activity, Outcome, RequestURL, SourceIP\n| order by TimeGenerated desc\n"
            }
          ],
          "availability": {
            "status": 1,
            "isPreview": false
          },
          "permissions": {
            "resourceProvider": [
              {
                "provider": "Microsoft.OperationalInsights/workspaces",
                "permissionsDisplayText": "read and write permissions are required.",
                "providerDisplayName": "Workspace",
                "scope": "Workspace",
                "requiredPermissions": {
                  "read": true,
                  "write": true,
                  "delete": true
                }
              },
              {
                "provider": "Microsoft.OperationalInsights/workspaces/sharedKeys",
                "permissionsDisplayText": "read permissions to shared keys for the workspace are required. [See the documentation to learn more about workspace keys](https://docs.microsoft.com/azure/azure-monitor/platform/agent-windows#obtain-workspace-id-and-key).",
                "providerDisplayName": "Keys",
                "scope": "Workspace",
                "requiredPermissions": {
                  "action": true
                }
              }
            ]
          },
          "instructionSteps": [
            {
              "description": "Install and configure the Linux agent to collect your Common Event Format (CEF) Syslog messages and forward them to Microsoft Sentinel.\n\n> Notice that the data from all regions will be stored in the selected workspace",
              "innerSteps": [
                {
                  "title": "1.1 Select or create a Linux machine",
                  "description": "Select or create a Linux machine that Microsoft Sentinel will use as the proxy between your security solution and Microsoft Sentinel this machine can be on your on-prem environment, Azure or other clouds."
                },
                {
                  "title": "1.2 Install the CEF collector on the Linux machine",
                  "description": "Install the Microsoft Monitoring Agent on your Linux machine and configure the machine to listen on the necessary port and forward messages to your Microsoft Sentinel workspace. The CEF collector collects CEF messages on port 514 TCP.\n\n> 1. Make sure that you have Python on your machine using the following command: python -version.\n\n> 2. You must have elevated permissions (sudo) on your machine.",
                  "instructions": [
                    {
                      "parameters": {
                        "fillWith": [
                          "WorkspaceId",
                          "PrimaryKey"
                        ],
                        "label": "Run the following command to install and apply the CEF collector:",
                        "value": "sudo wget -O cef_installer.py https://raw.githubusercontent.com/Azure/Azure-Sentinel/master/DataConnectors/CEF/cef_installer.py&&sudo python cef_installer.py {0} {1}"
                      },
                      "type": "CopyableLabel"
                    }
                  ]
                }
              ],
              "title": "1. Linux Syslog agent configuration"
            },
            {
              "description": "Configure the Contrast Protect agent to forward events to syslog as described here: https://docs.contrastsecurity.com/en/output-to-syslog.html. Generate some attack events for your application.",
              "title": "2. Forward Common Event Format (CEF) logs to Syslog agent"
            },
            {
              "description": "Follow the instructions to validate your connectivity:\n\nOpen Log Analytics to check if the logs are received using the CommonSecurityLog schema.\n\n>It may take about 20 minutes until the connection streams data to your workspace.\n\nIf the logs are not received, run the following connectivity validation script:\n\n> 1. Make sure that you have Python on your machine using the following command: python -version\n\n>2. You must have elevated permissions (sudo) on your machine",
              "instructions": [
                {
                  "parameters": {
                    "fillWith": [
                      "WorkspaceId"
                    ],
                    "label": "Run the following command to validate your connectivity:",
                    "value": "sudo wget  -O cef_troubleshoot.py https://raw.githubusercontent.com/Azure/Azure-Sentinel/master/DataConnectors/CEF/cef_troubleshoot.py&&sudo python cef_troubleshoot.py  {0}"
                  },
                  "type": "CopyableLabel"
                }
              ],
              "title": "3. Validate connection"
            },
            {
              "description": "Make sure to configure the machine's security according to your organization's security policy\n\n\n[Learn more >](https://aka.ms/SecureCEF)",
              "title": "4. Secure your machine "
            }
          ],
          "id": "[variables('_uiConfigId1')]"
        }
      }
    },
    {
      "type": "Microsoft.Resources/templateSpecs",
      "apiVersion": "2021-05-01",
      "name": "[variables('analyticRuleTemplateSpecName1')]",
      "location": "[parameters('workspace-location')]",
      "tags": {
        "hidden-sentinelWorkspaceId": "[variables('workspaceResourceId')]",
        "hidden-sentinelContentType": "AnalyticsRule"
      },
      "properties": {
        "description": "Contrast Protect Analytics Rule 1 with template",
        "displayName": "Contrast Protect Analytics Rule template"
      }
    },
    {
      "type": "Microsoft.Resources/templateSpecs/versions",
      "apiVersion": "2021-05-01",
      "name": "[concat(variables('analyticRuleTemplateSpecName1'),'/',variables('analyticRuleVersion1'))]",
      "location": "[parameters('workspace-location')]",
      "tags": {
        "hidden-sentinelWorkspaceId": "[variables('workspaceResourceId')]",
        "hidden-sentinelContentType": "AnalyticsRule"
      },
      "dependsOn": [
        "[resourceId('Microsoft.Resources/templateSpecs', variables('analyticRuleTemplateSpecName1'))]"
      ],
      "properties": {
        "description": "ContrastBlocks_AnalyticalRules Analytics Rule with template version 2.0.0",
        "mainTemplate": {
          "$schema": "https://schema.management.azure.com/schemas/2019-04-01/deploymentTemplate.json#",
          "contentVersion": "[variables('analyticRuleVersion1')]",
          "parameters": {},
          "variables": {},
          "resources": [
            {
              "type": "Microsoft.SecurityInsights/AlertRuleTemplates",
              "name": "[variables('AnalyticRulecontentId1')]",
              "apiVersion": "2022-04-01-preview",
              "kind": "Scheduled",
              "location": "[parameters('workspace-location')]",
              "properties": {
                "description": "Creates Incidents for Blocked events sourced from the Contrast Protect agent.",
                "displayName": "Contrast Blocks",
                "enabled": false,
                "query": "let extract_data=(a:string, k:string) {\n  parse_urlquery(replace(@';', @'&', a))[\"Query Parameters\"][k]\n};\n\nCommonSecurityLog \n| where DeviceVendor == \"Contrast Security\"\n| where AdditionalExtensions contains \"BLOCKED\"\n| extend DeviceProduct\n| extend SourceIP\n| extend DeviceVersion\n| extend Activity\n| extend ApplicationProtocol\n| extend RequestURL\n| extend RequestMethod\n| extend Rule = extract_data(AdditionalExtensions, 'pri')\n",
                "queryFrequency": "PT5M",
                "queryPeriod": "PT5M",
                "severity": "Low",
                "suppressionDuration": "PT1H",
                "suppressionEnabled": false,
                "triggerOperator": "GreaterThan",
                "triggerThreshold": 0,
                "status": "Available",
                "requiredDataConnectors": [
                  {
                    "connectorId": "ContrastProtect",
                    "dataTypes": [
                      "CommonSecurityLog"
                    ]
                  }
                ],
                "tactics": [
                  "InitialAccess",
                  "Exfiltration"
                ],
                "entityMappings": [
                  {
                    "fieldMappings": [
                      {
                        "columnName": "SourceIP",
                        "identifier": "Address"
                      }
                    ],
                    "entityType": "IP"
                  },
                  {
                    "fieldMappings": [
                      {
                        "columnName": "RequestURL",
                        "identifier": "Url"
                      }
                    ],
                    "entityType": "URL"
                  },
                  {
                    "fieldMappings": [
                      {
                        "columnName": "ApplicationProtocol",
                        "identifier": "Name"
                      }
                    ],
                    "entityType": "CloudApplication"
                  },
                  {
                    "fieldMappings": [
                      {
                        "columnName": "Activity",
                        "identifier": "Name"
                      },
                      {
                        "columnName": "Rule",
                        "identifier": "Category"
                      }
                    ],
                    "entityType": "Malware"
                  }
                ],
                "customDetails": {
                  "Details": "AdditionalExtensions",
                  "Application": "ApplicationProtocol",
                  "Agent": "DeviceProduct",
                  "Attack": "Activity",
                  "AgentVersion": "DeviceVersion"
                }
              }
            },
            {
              "type": "Microsoft.OperationalInsights/workspaces/providers/metadata",
              "apiVersion": "2022-01-01-preview",
              "name": "[concat(parameters('workspace'),'/Microsoft.SecurityInsights/',concat('AnalyticsRule-', last(split(variables('analyticRuleId1'),'/'))))]",
              "properties": {
                "description": "Contrast Protect Analytics Rule 1",
                "parentId": "[variables('analyticRuleId1')]",
                "contentId": "[variables('_analyticRulecontentId1')]",
                "kind": "AnalyticsRule",
                "version": "[variables('analyticRuleVersion1')]",
                "source": {
                  "kind": "Solution",
                  "name": "Contrast Protect",
                  "sourceId": "[variables('_solutionId')]"
                },
                "author": {
                  "name": "Contrast Security",
                  "email": "[variables('_email')]"
                },
                "support": {
                  "name": "Contrast Protect",
                  "email": "support@contrastsecurity.com",
                  "tier": "Partner",
                  "link": "https://docs.contrastsecurity.com/"
                }
              }
            }
          ]
        }
      }
    },
    {
      "type": "Microsoft.Resources/templateSpecs",
      "apiVersion": "2021-05-01",
      "name": "[variables('analyticRuleTemplateSpecName2')]",
      "location": "[parameters('workspace-location')]",
      "tags": {
        "hidden-sentinelWorkspaceId": "[variables('workspaceResourceId')]",
        "hidden-sentinelContentType": "AnalyticsRule"
      },
      "properties": {
        "description": "Contrast Protect Analytics Rule 2 with template",
        "displayName": "Contrast Protect Analytics Rule template"
      }
    },
    {
      "type": "Microsoft.Resources/templateSpecs/versions",
      "apiVersion": "2021-05-01",
      "name": "[concat(variables('analyticRuleTemplateSpecName2'),'/',variables('analyticRuleVersion2'))]",
      "location": "[parameters('workspace-location')]",
      "tags": {
        "hidden-sentinelWorkspaceId": "[variables('workspaceResourceId')]",
        "hidden-sentinelContentType": "AnalyticsRule"
      },
      "dependsOn": [
        "[resourceId('Microsoft.Resources/templateSpecs', variables('analyticRuleTemplateSpecName2'))]"
      ],
      "properties": {
        "description": "ContrastExploits_AnalyticalRules Analytics Rule with template version 2.0.0",
        "mainTemplate": {
          "$schema": "https://schema.management.azure.com/schemas/2019-04-01/deploymentTemplate.json#",
          "contentVersion": "[variables('analyticRuleVersion2')]",
          "parameters": {},
          "variables": {},
          "resources": [
            {
              "type": "Microsoft.SecurityInsights/AlertRuleTemplates",
              "name": "[variables('AnalyticRulecontentId2')]",
              "apiVersion": "2022-04-01-preview",
              "kind": "Scheduled",
              "location": "[parameters('workspace-location')]",
              "properties": {
                "description": "Creates Incidents for Exploit events sourced from the Contrast Protect agent.",
                "displayName": "Contrast Exploits",
                "enabled": false,
                "query": "let extract_data=(a:string, k:string) {\n  parse_urlquery(replace(@';', @'&', a))[\"Query Parameters\"][k]\n};\n\nCommonSecurityLog \n| where DeviceVendor == \"Contrast Security\"\n| where AdditionalExtensions contains \"EXPLOITED\"\n| extend DeviceProduct\n| extend SourceIP\n| extend DeviceVersion\n| extend Activity\n| extend ApplicationProtocol\n| extend RequestURL\n| extend RequestMethod\n| extend Rule = extract_data(AdditionalExtensions, 'pri')\n",
                "queryFrequency": "PT5M",
                "queryPeriod": "PT5M",
                "severity": "High",
                "suppressionDuration": "PT1H",
                "suppressionEnabled": false,
                "triggerOperator": "GreaterThan",
                "triggerThreshold": 0,
                "status": "Available",
                "requiredDataConnectors": [
                  {
                    "connectorId": "ContrastProtect",
                    "dataTypes": [
                      "CommonSecurityLog"
                    ]
                  }
                ],
                "tactics": [
                  "InitialAccess",
                  "Exfiltration"
                ],
                "entityMappings": [
                  {
                    "fieldMappings": [
                      {
                        "columnName": "SourceIP",
                        "identifier": "Address"
                      }
                    ],
                    "entityType": "IP"
                  },
                  {
                    "fieldMappings": [
                      {
                        "columnName": "RequestURL",
                        "identifier": "Url"
                      }
                    ],
                    "entityType": "URL"
                  },
                  {
                    "fieldMappings": [
                      {
                        "columnName": "ApplicationProtocol",
                        "identifier": "Name"
                      }
                    ],
                    "entityType": "CloudApplication"
                  },
                  {
                    "fieldMappings": [
                      {
                        "columnName": "Activity",
                        "identifier": "Name"
                      },
                      {
                        "columnName": "Rule",
                        "identifier": "Category"
                      }
                    ],
                    "entityType": "Malware"
                  }
                ],
                "customDetails": {
                  "Details": "AdditionalExtensions",
                  "Application": "ApplicationProtocol",
                  "Agent": "DeviceProduct",
                  "Attack": "Activity",
                  "AgentVersion": "DeviceVersion"
                }
              }
            },
            {
              "type": "Microsoft.OperationalInsights/workspaces/providers/metadata",
              "apiVersion": "2022-01-01-preview",
              "name": "[concat(parameters('workspace'),'/Microsoft.SecurityInsights/',concat('AnalyticsRule-', last(split(variables('analyticRuleId2'),'/'))))]",
              "properties": {
                "description": "Contrast Protect Analytics Rule 2",
                "parentId": "[variables('analyticRuleId2')]",
                "contentId": "[variables('_analyticRulecontentId2')]",
                "kind": "AnalyticsRule",
                "version": "[variables('analyticRuleVersion2')]",
                "source": {
                  "kind": "Solution",
                  "name": "Contrast Protect",
                  "sourceId": "[variables('_solutionId')]"
                },
                "author": {
                  "name": "Contrast Security",
                  "email": "[variables('_email')]"
                },
                "support": {
                  "name": "Contrast Protect",
                  "email": "support@contrastsecurity.com",
                  "tier": "Partner",
                  "link": "https://docs.contrastsecurity.com/"
                }
              }
            }
          ]
        }
      }
    },
    {
      "type": "Microsoft.Resources/templateSpecs",
      "apiVersion": "2021-05-01",
      "name": "[variables('analyticRuleTemplateSpecName3')]",
      "location": "[parameters('workspace-location')]",
      "tags": {
        "hidden-sentinelWorkspaceId": "[variables('workspaceResourceId')]",
        "hidden-sentinelContentType": "AnalyticsRule"
      },
      "properties": {
        "description": "Contrast Protect Analytics Rule 3 with template",
        "displayName": "Contrast Protect Analytics Rule template"
      }
    },
    {
      "type": "Microsoft.Resources/templateSpecs/versions",
      "apiVersion": "2021-05-01",
      "name": "[concat(variables('analyticRuleTemplateSpecName3'),'/',variables('analyticRuleVersion3'))]",
      "location": "[parameters('workspace-location')]",
      "tags": {
        "hidden-sentinelWorkspaceId": "[variables('workspaceResourceId')]",
        "hidden-sentinelContentType": "AnalyticsRule"
      },
      "dependsOn": [
        "[resourceId('Microsoft.Resources/templateSpecs', variables('analyticRuleTemplateSpecName3'))]"
      ],
      "properties": {
        "description": "ContrastProbes_AnalyticalRules Analytics Rule with template version 2.0.0",
        "mainTemplate": {
          "$schema": "https://schema.management.azure.com/schemas/2019-04-01/deploymentTemplate.json#",
          "contentVersion": "[variables('analyticRuleVersion3')]",
          "parameters": {},
          "variables": {},
          "resources": [
            {
              "type": "Microsoft.SecurityInsights/AlertRuleTemplates",
              "name": "[variables('AnalyticRulecontentId3')]",
              "apiVersion": "2022-04-01-preview",
              "kind": "Scheduled",
              "location": "[parameters('workspace-location')]",
              "properties": {
                "description": "Creates Incidents for Probed events sourced from the Contrast Protect agent.",
                "displayName": "Contrast Probes",
                "enabled": false,
                "query": "let extract_data=(a:string, k:string) {\n  parse_urlquery(replace(@';', @'&', a))[\"Query Parameters\"][k]\n};\n\nCommonSecurityLog \n| where DeviceVendor == \"Contrast Security\"\n| where AdditionalExtensions contains \"PROBED\" or AdditionalExtensions contains \"INEFFECTIVE\"\n| extend DeviceProduct\n| extend SourceIP\n| extend DeviceVersion\n| extend Activity\n| extend ApplicationProtocol\n| extend RequestURL\n| extend RequestMethod\n| extend Rule = extract_data(AdditionalExtensions, 'pri')\n",
                "queryFrequency": "PT5M",
                "queryPeriod": "PT5M",
                "severity": "Informational",
                "suppressionDuration": "PT1H",
                "suppressionEnabled": false,
                "triggerOperator": "GreaterThan",
                "triggerThreshold": 10,
                "status": "Available",
                "requiredDataConnectors": [
                  {
                    "connectorId": "ContrastProtect",
                    "dataTypes": [
                      "CommonSecurityLog"
                    ]
                  }
                ],
                "tactics": [
                  "InitialAccess",
                  "Exfiltration"
                ],
                "entityMappings": [
                  {
                    "fieldMappings": [
                      {
                        "columnName": "SourceIP",
                        "identifier": "Address"
                      }
                    ],
                    "entityType": "IP"
                  },
                  {
                    "fieldMappings": [
                      {
                        "columnName": "RequestURL",
                        "identifier": "Url"
                      }
                    ],
                    "entityType": "URL"
                  },
                  {
                    "fieldMappings": [
                      {
                        "columnName": "ApplicationProtocol",
                        "identifier": "Name"
                      }
                    ],
                    "entityType": "CloudApplication"
                  },
                  {
                    "fieldMappings": [
                      {
                        "columnName": "Activity",
                        "identifier": "Name"
                      },
                      {
                        "columnName": "Rule",
                        "identifier": "Category"
                      }
                    ],
                    "entityType": "Malware"
                  }
                ],
                "customDetails": {
                  "Details": "AdditionalExtensions",
                  "Application": "ApplicationProtocol",
                  "Agent": "DeviceProduct",
                  "Attack": "Activity",
                  "AgentVersion": "DeviceVersion"
                }
              }
            },
            {
              "type": "Microsoft.OperationalInsights/workspaces/providers/metadata",
              "apiVersion": "2022-01-01-preview",
              "name": "[concat(parameters('workspace'),'/Microsoft.SecurityInsights/',concat('AnalyticsRule-', last(split(variables('analyticRuleId3'),'/'))))]",
              "properties": {
                "description": "Contrast Protect Analytics Rule 3",
                "parentId": "[variables('analyticRuleId3')]",
                "contentId": "[variables('_analyticRulecontentId3')]",
                "kind": "AnalyticsRule",
                "version": "[variables('analyticRuleVersion3')]",
                "source": {
                  "kind": "Solution",
                  "name": "Contrast Protect",
                  "sourceId": "[variables('_solutionId')]"
                },
                "author": {
                  "name": "Contrast Security",
                  "email": "[variables('_email')]"
                },
                "support": {
                  "name": "Contrast Protect",
                  "email": "support@contrastsecurity.com",
                  "tier": "Partner",
                  "link": "https://docs.contrastsecurity.com/"
                }
              }
            }
          ]
        }
      }
    },
    {
      "type": "Microsoft.Resources/templateSpecs",
      "apiVersion": "2021-05-01",
      "name": "[variables('analyticRuleTemplateSpecName4')]",
      "location": "[parameters('workspace-location')]",
      "tags": {
        "hidden-sentinelWorkspaceId": "[variables('workspaceResourceId')]",
        "hidden-sentinelContentType": "AnalyticsRule"
      },
      "properties": {
        "description": "Contrast Protect Analytics Rule 4 with template",
        "displayName": "Contrast Protect Analytics Rule template"
      }
    },
    {
      "type": "Microsoft.Resources/templateSpecs/versions",
      "apiVersion": "2021-05-01",
      "name": "[concat(variables('analyticRuleTemplateSpecName4'),'/',variables('analyticRuleVersion4'))]",
      "location": "[parameters('workspace-location')]",
      "tags": {
        "hidden-sentinelWorkspaceId": "[variables('workspaceResourceId')]",
        "hidden-sentinelContentType": "AnalyticsRule"
      },
      "dependsOn": [
        "[resourceId('Microsoft.Resources/templateSpecs', variables('analyticRuleTemplateSpecName4'))]"
      ],
      "properties": {
        "description": "ContrastSuspicious_AnalyticalRules Analytics Rule with template version 2.0.0",
        "mainTemplate": {
          "$schema": "https://schema.management.azure.com/schemas/2019-04-01/deploymentTemplate.json#",
          "contentVersion": "[variables('analyticRuleVersion4')]",
          "parameters": {},
          "variables": {},
          "resources": [
            {
              "type": "Microsoft.SecurityInsights/AlertRuleTemplates",
              "name": "[variables('AnalyticRulecontentId4')]",
              "apiVersion": "2022-04-01-preview",
              "kind": "Scheduled",
              "location": "[parameters('workspace-location')]",
              "properties": {
                "description": "Creates Incidents for Suspicious events sourced from the Contrast Protect agent.",
                "displayName": "Contrast Suspicious",
                "enabled": false,
                "query": "let extract_data=(a:string, k:string) {\n  parse_urlquery(replace(@';', @'&', a))[\"Query Parameters\"][k]\n};\n\nCommonSecurityLog \n| where DeviceVendor == \"Contrast Security\"\n| where AdditionalExtensions contains \"SUSPICIOUS\"\n| extend DeviceProduct\n| extend SourceIP\n| extend DeviceVersion\n| extend Activity\n| extend ApplicationProtocol\n| extend RequestURL\n| extend RequestMethod\n| extend Rule = extract_data(AdditionalExtensions, 'pri')\n",
                "queryFrequency": "PT5M",
                "queryPeriod": "PT5M",
                "severity": "Medium",
                "suppressionDuration": "PT1H",
                "suppressionEnabled": false,
                "triggerOperator": "GreaterThan",
                "triggerThreshold": 0,
                "status": "Available",
                "requiredDataConnectors": [
                  {
                    "connectorId": "ContrastProtect",
                    "dataTypes": [
                      "CommonSecurityLog"
                    ]
                  }
                ],
                "tactics": [
                  "InitialAccess",
                  "Exfiltration"
                ],
                "entityMappings": [
                  {
                    "fieldMappings": [
                      {
                        "columnName": "SourceIP",
                        "identifier": "Address"
                      }
                    ],
                    "entityType": "IP"
                  },
                  {
                    "fieldMappings": [
                      {
                        "columnName": "RequestURL",
                        "identifier": "Url"
                      }
                    ],
                    "entityType": "URL"
                  },
                  {
                    "fieldMappings": [
                      {
                        "columnName": "ApplicationProtocol",
                        "identifier": "Name"
                      }
                    ],
                    "entityType": "CloudApplication"
                  },
                  {
                    "fieldMappings": [
                      {
                        "columnName": "Activity",
                        "identifier": "Name"
                      },
                      {
                        "columnName": "Rule",
                        "identifier": "Category"
                      }
                    ],
                    "entityType": "Malware"
                  }
                ],
                "customDetails": {
                  "Details": "AdditionalExtensions",
                  "Application": "ApplicationProtocol",
                  "Agent": "DeviceProduct",
                  "Attack": "Activity",
                  "AgentVersion": "DeviceVersion"
                }
              }
            },
            {
              "type": "Microsoft.OperationalInsights/workspaces/providers/metadata",
              "apiVersion": "2022-01-01-preview",
              "name": "[concat(parameters('workspace'),'/Microsoft.SecurityInsights/',concat('AnalyticsRule-', last(split(variables('analyticRuleId4'),'/'))))]",
              "properties": {
                "description": "Contrast Protect Analytics Rule 4",
                "parentId": "[variables('analyticRuleId4')]",
                "contentId": "[variables('_analyticRulecontentId4')]",
                "kind": "AnalyticsRule",
                "version": "[variables('analyticRuleVersion4')]",
                "source": {
                  "kind": "Solution",
                  "name": "Contrast Protect",
                  "sourceId": "[variables('_solutionId')]"
                },
                "author": {
                  "name": "Contrast Security",
                  "email": "[variables('_email')]"
                },
                "support": {
                  "name": "Contrast Protect",
                  "email": "support@contrastsecurity.com",
                  "tier": "Partner",
                  "link": "https://docs.contrastsecurity.com/"
                }
              }
            }
          ]
        }
      }
    },
    {
      "type": "Microsoft.Resources/templateSpecs",
      "apiVersion": "2021-05-01",
      "name": "[variables('workbookTemplateSpecName1')]",
      "location": "[parameters('workspace-location')]",
      "tags": {
        "hidden-sentinelWorkspaceId": "[variables('workspaceResourceId')]",
        "hidden-sentinelContentType": "Workbook"
      },
      "properties": {
        "description": "Contrast Protect Workbook with template",
        "displayName": "Contrast Protect workbook template"
      }
    },
    {
      "type": "Microsoft.Resources/templateSpecs/versions",
      "apiVersion": "2021-05-01",
      "name": "[concat(variables('workbookTemplateSpecName1'),'/',variables('workbookVersion1'))]",
      "location": "[parameters('workspace-location')]",
      "tags": {
        "hidden-sentinelWorkspaceId": "[variables('workspaceResourceId')]",
        "hidden-sentinelContentType": "Workbook"
      },
      "dependsOn": [
        "[resourceId('Microsoft.Resources/templateSpecs', variables('workbookTemplateSpecName1'))]"
      ],
      "properties": {
        "description": "ContrastProtectWorkbook Workbook with template version 2.0.0",
        "mainTemplate": {
          "$schema": "https://schema.management.azure.com/schemas/2019-04-01/deploymentTemplate.json#",
          "contentVersion": "[variables('workbookVersion1')]",
          "parameters": {},
          "variables": {},
          "resources": [
            {
              "type": "Microsoft.Insights/workbooks",
              "name": "[variables('workbookContentId1')]",
              "location": "[parameters('workspace-location')]",
              "kind": "shared",
              "apiVersion": "2021-08-01",
              "metadata": {
                "description": "Select the time range for this Overview."
              },
              "properties": {
                "displayName": "[parameters('workbook1-name')]",
                "serializedData": "{\"version\":\"Notebook/1.0\",\"items\":[{\"type\":11,\"content\":{\"version\":\"LinkItem/1.0\",\"style\":\"tabs\",\"links\":[{\"id\":\"8b56c36b-adee-4fe0-94e5-eeecafe26a52\",\"cellValue\":\"tab\",\"linkTarget\":\"parameter\",\"linkLabel\":\"Overview\",\"subTarget\":\"overview\",\"style\":\"primary\"},{\"id\":\"d1df2068-b4ad-4de0-ab42-7d574bb04fa7\",\"cellValue\":\"tab\",\"linkTarget\":\"parameter\",\"linkLabel\":\"Effective Attacks\",\"subTarget\":\"effective\",\"style\":\"link\"},{\"id\":\"995f23fe-3d59-4512-b184-a526d52ed053\",\"cellValue\":\"tab\",\"linkTarget\":\"parameter\",\"linkLabel\":\"All Attacks\",\"subTarget\":\"all\",\"style\":\"link\"}]},\"name\":\"tabs\"},{\"type\":9,\"content\":{\"version\":\"KqlParameterItem/1.0\",\"parameters\":[{\"id\":\"313cd4f2-172f-4ec1-ba58-90780f21472c\",\"version\":\"KqlParameterItem/1.0\",\"name\":\"Time_range\",\"type\":4,\"description\":\"Select the time range for this Overview\",\"isRequired\":true,\"value\":{\"durationMs\":172800000},\"typeSettings\":{\"selectableValues\":[{\"durationMs\":300000},{\"durationMs\":900000},{\"durationMs\":1800000},{\"durationMs\":3600000},{\"durationMs\":14400000},{\"durationMs\":43200000},{\"durationMs\":86400000},{\"durationMs\":172800000},{\"durationMs\":259200000},{\"durationMs\":604800000},{\"durationMs\":1209600000},{\"durationMs\":2419200000},{\"durationMs\":2592000000},{\"durationMs\":5184000000},{\"durationMs\":7776000000}],\"allowCustom\":true},\"timeContext\":{\"durationMs\":86400000},\"label\":\"Select Time Range\"}],\"style\":\"pills\",\"queryType\":0,\"resourceType\":\"microsoft.operationalinsights/workspaces\"},\"name\":\"parameters - 5\"},{\"type\":3,\"content\":{\"version\":\"KqlItem/1.0\",\"query\":\"let extract_data=(a:string, k:string) {\\n  parse_urlquery(replace(@';', @'&', a))[\\\"Query Parameters\\\"][k]\\n};\\n\\nCommonSecurityLog \\n| where DeviceVendor == 'Contrast Security'\\n| extend Outcome = replace(@'INEFFECTIVE', @'PROBED', tostring(extract_data(AdditionalExtensions, 'outcome')))\\n| summarize Count=count() by tostring(Outcome)\\n| where Outcome != 'success'\",\"size\":0,\"title\":\"Attacks by Outcome\",\"timeContext\":{\"durationMs\":172800000},\"timeContextFromParameter\":\"Time_range\",\"queryType\":0,\"resourceType\":\"microsoft.operationalinsights/workspaces\",\"visualization\":\"piechart\",\"tileSettings\":{\"showBorder\":false,\"titleContent\":{\"columnMatch\":\"Outcome\",\"formatter\":1},\"leftContent\":{\"columnMatch\":\"Count\",\"formatter\":12,\"formatOptions\":{\"palette\":\"auto\"},\"numberFormat\":{\"unit\":17,\"options\":{\"maximumSignificantDigits\":3,\"maximumFractionDigits\":2}}}},\"graphSettings\":{\"type\":0,\"topContent\":{\"columnMatch\":\"Outcome\",\"formatter\":1},\"centerContent\":{\"columnMatch\":\"Count\",\"formatter\":1,\"numberFormat\":{\"unit\":17,\"options\":{\"maximumSignificantDigits\":3,\"maximumFractionDigits\":2}}}},\"chartSettings\":{\"seriesLabelSettings\":[{\"seriesName\":\"EXPLOITED\",\"color\":\"redBright\"},{\"seriesName\":\"PROBED\",\"color\":\"gray\"},{\"seriesName\":\"BLOCKED\",\"color\":\"green\"},{\"seriesName\":\"SUSPICIOUS\",\"color\":\"orange\"}]}},\"conditionalVisibility\":{\"parameterName\":\"tab\",\"comparison\":\"isEqualTo\",\"value\":\"overview\"},\"customWidth\":\"33\",\"name\":\"Outcome\"},{\"type\":3,\"content\":{\"version\":\"KqlItem/1.0\",\"query\":\"let extract_data=(a:string, k:string) {\\n  parse_urlquery(replace(@';', @'&', a))[\\\"Query Parameters\\\"][k]\\n};\\n\\nCommonSecurityLog \\n| where DeviceVendor == 'Contrast Security'\\n| extend Rule = extract_data(AdditionalExtensions, 'pri')\\n| extend Outcome = extract_data(AdditionalExtensions, 'outcome')\\n| where Outcome != 'success'\\n| summarize Count=count() by tostring(Rule)\",\"size\":0,\"title\":\"Attacks by Rule\",\"timeContext\":{\"durationMs\":172800000},\"timeContextFromParameter\":\"Time_range\",\"queryType\":0,\"resourceType\":\"microsoft.operationalinsights/workspaces\",\"visualization\":\"piechart\",\"mapSettings\":{\"locInfo\":\"LatLong\",\"sizeSettings\":\"Count\",\"sizeAggregation\":\"Sum\",\"legendMetric\":\"Count\",\"legendAggregation\":\"Sum\",\"itemColorSettings\":{\"type\":\"heatmap\",\"colorAggregation\":\"Sum\",\"nodeColorField\":\"Count\",\"heatmapPalette\":\"greenRed\"}}},\"conditionalVisibility\":{\"parameterName\":\"tab\",\"comparison\":\"isEqualTo\",\"value\":\"overview\"},\"customWidth\":\"33\",\"name\":\"Rule\"},{\"type\":3,\"content\":{\"version\":\"KqlItem/1.0\",\"query\":\"let extract_data=(a:string, k:string) {\\n  parse_urlquery(replace(@';', @'&', a))[\\\"Query Parameters\\\"][k]\\n};\\n\\nCommonSecurityLog \\n| where DeviceVendor == 'Contrast Security'\\n| extend Outcome = extract_data(AdditionalExtensions, 'outcome')\\n| where Outcome != 'success'\\n| summarize Events = count() by ApplicationProtocol, bin(TimeGenerated, 1h)\",\"size\":0,\"showAnnotations\":true,\"title\":\"Attacks by Hour\",\"timeContext\":{\"durationMs\":172800000},\"timeContextFromParameter\":\"Time_range\",\"queryType\":0,\"resourceType\":\"microsoft.operationalinsights/workspaces\",\"visualization\":\"timechart\"},\"conditionalVisibility\":{\"parameterName\":\"tab\",\"comparison\":\"isEqualTo\",\"value\":\"overview\"},\"customWidth\":\"33\",\"name\":\"Attacks\"},{\"type\":3,\"content\":{\"version\":\"KqlItem/1.0\",\"query\":\"let extract_data=(a:string, k:string) {\\n  parse_urlquery(replace(@';', @'&', a))[\\\"Query Parameters\\\"][k]\\n};\\n\\nCommonSecurityLog \\n| where DeviceVendor == 'Contrast Security'\\n| extend Outcome = extract_data(AdditionalExtensions, 'outcome')\\n| where Outcome in ('EXPLOITED','BLOCKED','SUSPICIOUS')\\n| summarize Count=count() by ApplicationProtocol, tostring(Outcome)\\n\",\"size\":0,\"title\":\"Effective Attacks by Application/Outcome\",\"timeContext\":{\"durationMs\":172800000},\"timeContextFromParameter\":\"Time_range\",\"queryType\":0,\"resourceType\":\"microsoft.operationalinsights/workspaces\",\"visualization\":\"categoricalbar\",\"gridSettings\":{\"sortBy\":[{\"itemKey\":\"Count\",\"sortOrder\":2}]},\"sortBy\":[{\"itemKey\":\"Count\",\"sortOrder\":2}],\"tileSettings\":{\"showBorder\":false,\"titleContent\":{\"columnMatch\":\"RequestURL\",\"formatter\":1},\"leftContent\":{\"columnMatch\":\"Count\",\"formatter\":12,\"formatOptions\":{\"palette\":\"auto\"},\"numberFormat\":{\"unit\":17,\"options\":{\"maximumSignificantDigits\":3,\"maximumFractionDigits\":2}}}},\"graphSettings\":{\"type\":2,\"topContent\":{\"columnMatch\":\"RequestURL\",\"formatter\":1},\"centerContent\":{\"columnMatch\":\"Count\",\"formatter\":1,\"numberFormat\":{\"unit\":17,\"options\":{\"style\":\"decimal\",\"useGrouping\":false,\"maximumFractionDigits\":2,\"maximumSignificantDigits\":3}}},\"hivesContent\":{\"columnMatch\":\"ApplicationProtocol\",\"formatter\":1},\"nodeIdField\":\"RequestURL\",\"graphOrientation\":3,\"showOrientationToggles\":false,\"staticNodeSize\":100,\"colorSettings\":{\"nodeColorField\":\"Count\",\"type\":4,\"heatmapPalette\":\"coldHot\"},\"groupByField\":\"ApplicationProtocol\",\"hivesMargin\":5},\"chartSettings\":{\"xAxis\":\"ApplicationProtocol\",\"group\":\"Outcome\",\"seriesLabelSettings\":[{\"seriesName\":\"EXPLOITED\",\"color\":\"redBright\"},{\"seriesName\":\"BLOCKED\",\"color\":\"green\"},{\"seriesName\":\"SUSPICIOUS\",\"color\":\"orange\"}]}},\"conditionalVisibility\":{\"parameterName\":\"tab\",\"comparison\":\"isEqualTo\",\"value\":\"overview\"},\"customWidth\":\"50\",\"name\":\"by Application\",\"styleSettings\":{\"showBorder\":true}},{\"type\":3,\"content\":{\"version\":\"KqlItem/1.0\",\"query\":\"let extract_data=(a:string, k:string) {\\n  parse_urlquery(replace(@';', @'&', a))[\\\"Query Parameters\\\"][k]\\n};\\n\\nCommonSecurityLog \\n| where DeviceVendor == 'Contrast Security'\\n| extend Outcome = extract_data(AdditionalExtensions, 'outcome')\\n| extend Rule = extract_data(AdditionalExtensions, 'pri')\\n| where Outcome in ('EXPLOITED','BLOCKED','SUSPICIOUS')\\n| summarize Count=count() by ApplicationProtocol, tostring(Rule)\\n\",\"size\":0,\"title\":\"Effective Attacks by Application/Rule\",\"timeContext\":{\"durationMs\":172800000},\"timeContextFromParameter\":\"Time_range\",\"queryType\":0,\"resourceType\":\"microsoft.operationalinsights/workspaces\",\"visualization\":\"categoricalbar\",\"gridSettings\":{\"sortBy\":[{\"itemKey\":\"Count\",\"sortOrder\":2}]},\"sortBy\":[{\"itemKey\":\"Count\",\"sortOrder\":2}],\"graphSettings\":{\"type\":2,\"topContent\":{\"columnMatch\":\"Rule\",\"formatter\":1},\"centerContent\":{\"columnMatch\":\"Count\",\"formatter\":1,\"numberFormat\":{\"unit\":17,\"options\":{\"style\":\"decimal\",\"useGrouping\":false,\"maximumFractionDigits\":2,\"maximumSignificantDigits\":3}}},\"hivesContent\":{\"columnMatch\":\"ApplicationProtocol\",\"formatter\":1},\"nodeIdField\":\"Rule\",\"graphOrientation\":3,\"showOrientationToggles\":false,\"staticNodeSize\":100,\"colorSettings\":{\"nodeColorField\":\"Count\",\"type\":4,\"heatmapPalette\":\"coldHot\"},\"groupByField\":\"ApplicationProtocol\",\"hivesMargin\":5},\"chartSettings\":{\"xAxis\":\"Rule\",\"group\":\"ApplicationProtocol\"}},\"conditionalVisibility\":{\"parameterName\":\"tab\",\"comparison\":\"isEqualTo\",\"value\":\"overview\"},\"customWidth\":\"50\",\"name\":\"byrule\",\"styleSettings\":{\"showBorder\":true}},{\"type\":3,\"content\":{\"version\":\"KqlItem/1.0\",\"query\":\"let extract_data=(a:string, k:string) {\\n  parse_urlquery(replace(@';', @'&', a))[\\\"Query Parameters\\\"][k]\\n};\\n\\nCommonSecurityLog \\n| where DeviceVendor == 'Contrast Security'\\n| extend Outcome = extract_data(AdditionalExtensions, 'outcome')\\n| where Outcome in ('EXPLOITED','BLOCKED','SUSPICIOUS')\\n| summarize Count=count() by ApplicationProtocol, RequestURL, tostring(Outcome)\\n\",\"size\":0,\"title\":\"Effective Attacks by Application/Route\",\"timeContext\":{\"durationMs\":172800000},\"timeContextFromParameter\":\"Time_range\",\"queryType\":0,\"resourceType\":\"microsoft.operationalinsights/workspaces\",\"visualization\":\"table\",\"gridSettings\":{\"formatters\":[{\"columnMatch\":\"Outcome\",\"formatter\":1}],\"hierarchySettings\":{\"treeType\":1,\"groupBy\":[\"ApplicationProtocol\"],\"expandTopLevel\":true},\"sortBy\":[{\"itemKey\":\"RequestURL\",\"sortOrder\":1}],\"labelSettings\":[{\"columnId\":\"ApplicationProtocol\",\"label\":\"Application\"},{\"columnId\":\"RequestURL\"},{\"columnId\":\"Outcome\"},{\"columnId\":\"Count\"}]},\"sortBy\":[{\"itemKey\":\"RequestURL\",\"sortOrder\":1}],\"tileSettings\":{\"showBorder\":false,\"titleContent\":{\"columnMatch\":\"RequestURL\",\"formatter\":1},\"leftContent\":{\"columnMatch\":\"Count\",\"formatter\":12,\"formatOptions\":{\"palette\":\"auto\"},\"numberFormat\":{\"unit\":17,\"options\":{\"maximumSignificantDigits\":3,\"maximumFractionDigits\":2}}}},\"graphSettings\":{\"type\":2,\"topContent\":{\"columnMatch\":\"RequestURL\",\"formatter\":1},\"centerContent\":{\"columnMatch\":\"Count\",\"formatter\":1,\"numberFormat\":{\"unit\":17,\"options\":{\"style\":\"decimal\",\"useGrouping\":false,\"maximumFractionDigits\":2,\"maximumSignificantDigits\":3}}},\"hivesContent\":{\"columnMatch\":\"ApplicationProtocol\",\"formatter\":1},\"nodeIdField\":\"RequestURL\",\"graphOrientation\":3,\"showOrientationToggles\":false,\"staticNodeSize\":100,\"colorSettings\":{\"nodeColorField\":\"Count\",\"type\":4,\"heatmapPalette\":\"coldHot\"},\"groupByField\":\"ApplicationProtocol\",\"hivesMargin\":5}},\"conditionalVisibility\":{\"parameterName\":\"tab\",\"comparison\":\"isEqualTo\",\"value\":\"overview\"},\"name\":\"byroute\",\"styleSettings\":{\"showBorder\":true}},{\"type\":3,\"content\":{\"version\":\"KqlItem/1.0\",\"query\":\"let extract_data=(a:string, k:string) {\\n  parse_urlquery(replace(@';', @'&', a))[\\\"Query Parameters\\\"][k]\\n};\\n\\nCommonSecurityLog \\n| where DeviceVendor == 'Contrast Security'\\n| extend Outcome = extract_data(AdditionalExtensions, 'outcome')\\n| where Outcome in ('EXPLOITED','BLOCKED','SUSPICIOUS')\\n| extend Rule = extract_data(AdditionalExtensions, 'pri')\\n| project TimeGenerated, ApplicationProtocol, Rule, Activity, Outcome, RequestURL, SourceIP\\n| order by TimeGenerated desc\\n\",\"size\":2,\"timeContext\":{\"durationMs\":172800000},\"timeContextFromParameter\":\"Time_range\",\"queryType\":0,\"resourceType\":\"microsoft.operationalinsights/workspaces\",\"visualization\":\"table\",\"gridSettings\":{\"formatters\":[{\"columnMatch\":\"Activity\",\"formatter\":0,\"formatOptions\":{\"customColumnWidthSetting\":\"100%\"}},{\"columnMatch\":\"Outcome\",\"formatter\":18,\"formatOptions\":{\"thresholdsOptions\":\"colors\",\"thresholdsGrid\":[{\"operator\":\"==\",\"thresholdValue\":\"EXPLOITED\",\"representation\":\"redBright\",\"text\":\"{0}{1}\"},{\"operator\":\"==\",\"thresholdValue\":\"BLOCKED\",\"representation\":\"green\",\"text\":\"{0}{1}\"},{\"operator\":\"==\",\"thresholdValue\":\"SUSPICIOUS\",\"representation\":\"orange\",\"text\":\"{0}{1}\"},{\"operator\":\"==\",\"thresholdValue\":\"INEFFECTIVE\",\"representation\":\"gray\",\"text\":\"{0}{1}\"},{\"operator\":\"Default\",\"representation\":\"blue\",\"text\":\"{0}{1}\"}]}}],\"filter\":true,\"labelSettings\":[{\"columnId\":\"TimeGenerated\"},{\"columnId\":\"ApplicationProtocol\",\"label\":\"Application\"},{\"columnId\":\"Rule\"},{\"columnId\":\"Activity\"},{\"columnId\":\"Outcome\"},{\"columnId\":\"RequestURL\"},{\"columnId\":\"SourceIP\"}]}},\"conditionalVisibility\":{\"parameterName\":\"tab\",\"comparison\":\"isEqualTo\",\"value\":\"effective\"},\"name\":\"query - 6\"},{\"type\":3,\"content\":{\"version\":\"KqlItem/1.0\",\"query\":\"let extract_data=(a:string, k:string) {\\n  parse_urlquery(replace(@';', @'&', a))[\\\"Query Parameters\\\"][k]\\n};\\n\\nCommonSecurityLog \\n| where DeviceVendor == 'Contrast Security'\\n| extend Outcome = replace(@'INEFFECTIVE', @'PROBED', tostring(extract_data(AdditionalExtensions, 'outcome')))\\n| where Outcome != 'success'\\n| extend Rule = extract_data(AdditionalExtensions, 'pri')\\n| project TimeGenerated, ApplicationProtocol, Rule, Activity, Outcome, RequestURL, SourceIP\\n| order by TimeGenerated desc\\n\",\"size\":2,\"timeContext\":{\"durationMs\":172800000},\"timeContextFromParameter\":\"Time_range\",\"queryType\":0,\"resourceType\":\"microsoft.operationalinsights/workspaces\",\"visualization\":\"table\",\"gridSettings\":{\"formatters\":[{\"columnMatch\":\"Activity\",\"formatter\":0,\"formatOptions\":{\"customColumnWidthSetting\":\"100%\"}},{\"columnMatch\":\"Outcome\",\"formatter\":18,\"formatOptions\":{\"thresholdsOptions\":\"colors\",\"thresholdsGrid\":[{\"operator\":\"==\",\"thresholdValue\":\"EXPLOITED\",\"representation\":\"redBright\",\"text\":\"{0}{1}\"},{\"operator\":\"==\",\"thresholdValue\":\"BLOCKED\",\"representation\":\"green\",\"text\":\"{0}{1}\"},{\"operator\":\"==\",\"thresholdValue\":\"SUSPICIOUS\",\"representation\":\"orange\",\"text\":\"{0}{1}\"},{\"operator\":\"==\",\"thresholdValue\":\"PROBED\",\"representation\":\"gray\",\"text\":\"{0}{1}\"},{\"operator\":\"Default\",\"representation\":\"blue\",\"text\":\"{0}{1}\"}]}}],\"filter\":true,\"labelSettings\":[{\"columnId\":\"TimeGenerated\"},{\"columnId\":\"ApplicationProtocol\",\"label\":\"Application\"},{\"columnId\":\"Rule\"},{\"columnId\":\"Activity\"},{\"columnId\":\"Outcome\"},{\"columnId\":\"RequestURL\"},{\"columnId\":\"SourceIP\"}]}},\"conditionalVisibility\":{\"parameterName\":\"tab\",\"comparison\":\"isEqualTo\",\"value\":\"all\"},\"name\":\"query - 6 - Copy\"}],\"fromTemplateId\":\"sentinel-ContrastProtect\",\"$schema\":\"https://github.com/Microsoft/Application-Insights-Workbooks/blob/master/schema/workbook.json\"}\r\n",
                "version": "1.0",
                "sourceId": "[variables('workspaceResourceId')]",
                "category": "sentinel"
              }
            },
            {
              "type": "Microsoft.OperationalInsights/workspaces/providers/metadata",
              "apiVersion": "2022-01-01-preview",
              "name": "[concat(parameters('workspace'),'/Microsoft.SecurityInsights/',concat('Workbook-', last(split(variables('workbookId1'),'/'))))]",
              "properties": {
                "description": "@{workbookKey=ContrastProtect; logoFileName=contrastsecurity_logo.svg; description=Select the time range for this Overview.; dataTypesDependencies=System.Object[]; dataConnectorsDependencies=System.Object[]; previewImagesFileNames=System.Object[]; version=1.0.0; title=Contrast Protect; templateRelativePath=ContrastProtect.json; subtitle=; provider=contrast security}.description",
                "parentId": "[variables('workbookId1')]",
                "contentId": "[variables('_workbookContentId1')]",
                "kind": "Workbook",
                "version": "[variables('workbookVersion1')]",
                "source": {
                  "kind": "Solution",
                  "name": "Contrast Protect",
                  "sourceId": "[variables('_solutionId')]"
                },
                "author": {
                  "name": "Contrast Security",
                  "email": "[variables('_email')]"
                },
                "support": {
                  "name": "Contrast Protect",
                  "email": "support@contrastsecurity.com",
                  "tier": "Partner",
                  "link": "https://docs.contrastsecurity.com/"
                },
                "dependencies": {
                  "operator": "AND",
                  "criteria": [
                    {
                      "contentId": "CommonSecurityLog",
                      "kind": "DataType"
                    },
                    {
                      "contentId": "ContrastProtect",
                      "kind": "DataConnector"
                    }
                  ]
                }
              }
            }
          ]
        }
      }
    },
    {
      "type": "Microsoft.OperationalInsights/workspaces/providers/metadata",
      "apiVersion": "2022-01-01-preview",
      "location": "[parameters('workspace-location')]",
      "properties": {
        "version": "2.0.0",
        "kind": "Solution",
        "contentSchemaVersion": "2.0.0",
        "contentId": "[variables('_solutionId')]",
        "parentId": "[variables('_solutionId')]",
        "source": {
          "kind": "Solution",
          "name": "Contrast Protect",
          "sourceId": "[variables('_solutionId')]"
        },
        "author": {
          "name": "Contrast Security",
          "email": "[variables('_email')]"
        },
        "support": {
          "name": "Contrast Protect",
          "email": "support@contrastsecurity.com",
          "tier": "Partner",
          "link": "https://docs.contrastsecurity.com/"
        },
        "dependencies": {
          "operator": "AND",
          "criteria": [
            {
              "kind": "DataConnector",
              "contentId": "[variables('_dataConnectorContentId1')]",
              "version": "[variables('dataConnectorVersion1')]"
            },
            {
              "kind": "AnalyticsRule",
              "contentId": "[variables('analyticRulecontentId1')]",
              "version": "[variables('analyticRuleVersion1')]"
            },
            {
              "kind": "AnalyticsRule",
              "contentId": "[variables('analyticRulecontentId2')]",
              "version": "[variables('analyticRuleVersion2')]"
            },
            {
              "kind": "AnalyticsRule",
              "contentId": "[variables('analyticRulecontentId3')]",
              "version": "[variables('analyticRuleVersion3')]"
            },
            {
              "kind": "AnalyticsRule",
              "contentId": "[variables('analyticRulecontentId4')]",
              "version": "[variables('analyticRuleVersion4')]"
            },
            {
              "kind": "Workbook",
              "contentId": "[variables('_workbookContentId1')]",
              "version": "[variables('workbookVersion1')]"
            }
          ]
        },
        "firstPublishDate": "2021-10-20",
        "providers": [
          "Contrast Security"
        ],
        "categories": {
          "domains": [
            "Security - Threat Protection"
          ]
        }
      },
      "name": "[concat(parameters('workspace'),'/Microsoft.SecurityInsights/', variables('_solutionId'))]"
    }
  ],
  "outputs": {}
}
